name,datetime,tempmax,tempmin,temp,feelslikemax,feelslikemin,feelslike,dew,humidity,precip,precipprob,precipcover,preciptype,snow,snowdepth,windgust,windspeed,winddir,sealevelpressure,cloudcover,visibility,solarradiation,solarenergy,uvindex,severerisk,sunrise,sunset,moonphase,conditions,description,icon,stations
"-33.3537,-70.6811",2024-05-23,13,5.5,8,13,3.2,7,5.1,83.6,18.9,100,37.5,rain,0,0.1,20.9,18.6,333.5,1024.4,58.3,9.1,141.2,12.1,6,10,2024-05-23T07:32:53,2024-05-23T17:46:04,0.5,"Rain, Partially cloudy",Partly cloudy throughout the day with rain clearing later.,rain,"SCEL,85577099999,85574099999"
"-33.3537,-70.6811",2024-05-24,13.1,3,7.8,13.1,1.1,7,5.3,85.4,0,0,0,,0,0.3,21.2,13.6,355.7,1020.1,84.7,8.5,66.4,5.7,3,10,2024-05-24T07:33:33,2024-05-24T17:45:37,0.54,Partially cloudy,Partly cloudy throughout the day.,partly-cloudy-day,"SCEL,85577099999,85574099999"
"-33.3537,-70.6811",2024-05-25,15,7.4,10.5,15,5.7,9.6,6.9,80.2,0.6,100,8.33,rain,0,0.2,21.2,23.9,186,1017.4,88.3,8.2,127,11,5,10,2024-05-25T07:34:12,2024-05-25T17:45:11,0.57,"Rain, Partially cloudy",Partly cloudy throughout the day with late afternoon rain.,rain,"SCEL,85577099999,85574099999"
"-33.3537,-70.6811",2024-05-26,15,7,9.9,15,5.2,9,7.1,83.9,10,100,66.67,rain,0,0.2,27.4,16.2,205.2,1020.3,55.9,7.9,122.5,10.5,5,10,2024-05-26T07:34:51,2024-05-26T17:44:46,0.61,"Rain, Partially cloudy",Partly cloudy throughout the day with a chance of rain throughout the day.,rain,"SCEL,85577099999,85574099999"
"-33.3537,-70.6811",2024-05-27,15.1,2,8.6,15.1,0.8,8.2,5.4,82.2,0,0,0,,0,0.2,19.1,16.7,12.6,1021,54.3,7.6,97.2,8.5,4,10,2024-05-27T07:35:29,2024-05-27T17:44:23,0.65,Partially cloudy,Partly cloudy throughout the day.,partly-cloudy-day,"SCEL,85577099999,85574099999"
"-33.3537,-70.6811",2024-05-28,19.3,3,10.3,19.3,3,9.9,5.4,75.4,0,0,0,,0,0.2,21.2,21.1,141.9,1019.4,56.3,7.2,113.7,9.8,5,10,2024-05-28T07:36:06,2024-05-28T17:44:01,0.68,Partially cloudy,Partly cloudy throughout the day.,partly-cloudy-day,"SCEL,85577099999,85574099999"
"-33.3537,-70.6811",2024-05-29,19,8,11.6,19,6.3,11.3,6.5,73.4,0,0,0,,0,0.2,16.2,19.7,168.9,1020.9,63.6,7.8,116.1,10,5,10,2024-05-29T07:36:43,2024-05-29T17:43:41,0.72,Partially cloudy,Partly cloudy throughout the day.,partly-cloudy-day,"SCEL,85577099999,85574099999"
"-33.3537,-70.6811",2024-05-30,21.5,5.9,12.5,21.5,2.2,12,6.1,68.8,0,0,0,,0,0,16.9,24.9,78.3,1018.6,30.8,6.6,128.3,11.2,5,10,2024-05-30T07:37:19,2024-05-30T17:43:23,0.75,Partially cloudy,Partly cloudy throughout the day.,partly-cloudy-day,"SCEL,85577099999,85574099999"
"-33.3537,-70.6811",2024-05-31,16.4,5,9.9,16.4,2.2,9.4,5.6,75.9,0,0,0,,0,0.2,19.1,33.8,141.6,1017.5,33,7.6,86.5,7.5,4,10,2024-05-31T07:37:54,2024-05-31T17:43:06,0.79,Partially cloudy,Partly cloudy throughout the day.,partly-cloudy-day,"SCEL,85577099999,85574099999"
"-33.3537,-70.6811",2024-06-01,18.5,2.4,10.4,18.5,2.4,10,5.9,76.6,0,0,0,,0,0.3,19.1,20,169.8,1019.2,17.3,7.3,144.6,12.3,6,10,2024-06-01T07:38:28,2024-06-01T17:42:51,0.83,Clear,Clear conditions throughout the day.,clear-day,"SCEL,85577099999,85574099999"
"-33.3537,-70.6811",2024-06-02,18,9.6,12.7,18,8.2,12.5,7.6,72.4,0,0,0,,0,0.1,24.1,13.6,13.4,1015.7,66.6,7.6,81.6,7.1,4,10,2024-06-02T07:39:02,2024-06-02T17:42:37,0.86,Partially cloudy,Partly cloudy throughout the day.,partly-cloudy-day,"SCEL,85577099999,85574099999"
"-33.3537,-70.6811",2024-06-03,16.3,10,12.6,16.3,9.6,12.6,8.1,74.4,0,0,0,,0,0,24.1,18.2,175.1,1015.4,81.8,7.2,58.6,5.2,3,10,2024-06-03T07:39:35,2024-06-03T17:42:24,0.9,Partially cloudy,Partly cloudy throughout the day.,partly-cloudy-day,"SCEL,85577099999,85574099999"
"-33.3537,-70.6811",2024-06-04,15,7.6,11.3,15,5.4,11,8.2,82.1,0.5,100,8.33,rain,0,0,38.9,14.7,276.6,1015.9,84.2,5.6,58.1,5,3,10,2024-06-04T07:40:07,2024-06-04T17:42:14,0.93,"Rain, Partially cloudy",Partly cloudy throughout the day with late afternoon rain.,rain,"SCEL,85577099999,85574099999"
"-33.3537,-70.6811",2024-06-05,16.1,9,12.1,16.1,8.5,12,7.1,73.1,0,0,0,,0,0,21.6,14.8,278.8,1017.1,93.1,7.1,52.7,4.4,2,10,2024-06-05T07:40:38,2024-06-05T17:42:04,0.97,Overcast,Cloudy skies throughout the day.,cloudy,"SCEL,85577099999,85574099999"
"-33.3537,-70.6811",2024-06-06,15.1,7,11.3,15.1,5.6,10.9,6.4,72.6,0,0,0,,0,0,17.6,12.8,6.9,1019.7,73.2,7.1,68.7,6,3,10,2024-06-06T07:41:09,2024-06-06T17:41:57,0,Partially cloudy,Partly cloudy throughout the day.,partly-cloudy-day,"SCEL,85577099999,85574099999"
"-33.3537,-70.6811",2024-06-07,20.5,6,12.4,20.5,6,12.3,6.2,69.8,0,0,0,,0,0,16.9,16.7,355.5,1015.6,60.6,7,122.1,10.5,5,10,2024-06-07T07:41:38,2024-06-07T17:41:51,0.04,Partially cloudy,Partly cloudy throughout the day.,partly-cloudy-day,"SCEL,85577099999,85574099999"
"-33.3537,-70.6811",2024-06-08,17,8.5,12,17,7.4,11.8,7.6,75.2,1.5,100,4.17,rain,0,0,38.9,38.6,184.9,1014.1,66.6,9,92.3,7.9,5,10,2024-06-08T07:42:07,2024-06-08T17:41:46,0.07,"Rain, Partially cloudy",Partly cloudy throughout the day with late afternoon rain.,rain,"SCEL,85577099999,85574099999"
"-33.3537,-70.6811",2024-06-09,12,7.6,9.5,12,4.8,8.5,6.7,82.8,17.1,100,70.83,rain,0,0.1,45,18.4,30.3,1019.6,97,9.3,52.7,4.4,2,10,2024-06-09T07:42:34,2024-06-09T17:41:43,0.1,"Rain, Overcast",Cloudy skies throughout the day with a chance of rain throughout the day.,rain,"SCEL,85577099999,85574099999"
"-33.3537,-70.6811",2024-06-10,15,7.7,10.4,15,6.9,10.2,8.1,86.2,0.1,100,4.17,rain,0,0.2,19.1,12.9,324.8,1017.3,91.5,9.1,40.7,3.4,2,10,2024-06-10T07:43:00,2024-06-10T17:41:41,0.13,"Rain, Overcast",Cloudy skies throughout the day with late afternoon rain.,rain,"SCEL,85577099999,85574099999"
"-33.3537,-70.6811",2024-06-11,13,8.8,10.5,13,6.5,10,8.3,87.1,0.3,100,4.17,rain,0,0.2,19.4,14.6,306.2,1015.6,92.8,8.3,62.6,5.3,3,10,2024-06-11T07:43:25,2024-06-11T17:41:41,0.17,"Rain, Overcast",Cloudy skies throughout the day with afternoon rain.,rain,"SCEL,85577099999,85574099999"
"-33.3537,-70.6811",2024-06-12,13,7.7,10.1,13,6.9,9.8,7.7,85.8,1.1,100,25,rain,0,0.1,38.9,13,102.5,1010.9,92.1,8.4,33.7,3,2,10,2024-06-12T07:43:50,2024-06-12T17:41:42,0.2,"Rain, Overcast",Cloudy skies throughout the day with rain.,rain,"SCEL,85577099999,85574099999"
"-33.3537,-70.6811",2024-06-13,13,8,10,13,6.7,9.4,8.8,92,69.7,100,95.83,rain,0,0.1,64.8,18.3,38.7,1011.8,99,6.5,8,0.6,0,10,2024-06-13T07:44:13,2024-06-13T17:41:45,0.23,"Rain, Overcast",Cloudy skies throughout the day with a chance of rain throughout the day.,rain,"SCEL,85577099999,85574099999"
"-33.3537,-70.6811",2024-06-14,15,6.6,10.3,15,5.3,9.6,6.8,81.1,17.4,100,79.17,rain,0,0.1,38.2,20.5,45.9,1019.7,72.6,9.3,80.5,7.1,5,10,2024-06-14T07:44:34,2024-06-14T17:41:49,0.25,"Rain, Partially cloudy",Partly cloudy throughout the day with a chance of rain throughout the day.,rain,"SCEL,85577099999,85574099999"
"-33.3537,-70.6811",2024-06-15,15.1,3.9,8.7,15.1,2.6,8.5,5.3,81.4,0,0,0,,0,0.3,16.6,16.6,160.9,1021.5,51.9,8.3,98.9,8.4,4,10,2024-06-15T07:44:55,2024-06-15T17:41:55,0.29,Partially cloudy,Partly cloudy throughout the day.,partly-cloudy-day,"SCEL,85577099999,85574099999"
"-33.3537,-70.6811",2024-06-16,16.1,2.9,8.4,16.1,0.9,8.1,5.4,83.6,0,0,0,,0,0.3,15.5,10.8,142.1,1020.6,25.2,7.1,123.5,10.6,5,10,2024-06-16T07:45:14,2024-06-16T17:42:02,0.33,Partially cloudy,Becoming cloudy in the afternoon.,partly-cloudy-day,"SCEL,85577099999,85574099999"
"-33.3537,-70.6811",2024-06-17,11.2,3.1,7.6,11.2,1,6.7,6.1,90.9,2.4,100,25,rain,0,0.3,36.7,14.8,97.1,1018.6,59.8,5.6,73.9,6.3,4,10,2024-06-17T07:45:33,2024-06-17T17:42:10,0.36,"Rain, Partially cloudy",Partly cloudy throughout the day with late afternoon rain.,rain,"SCEL,85577099999,85574099999"
"-33.3537,-70.6811",2024-06-18,13.2,8.7,10.1,13.2,6.5,9.2,7.9,87,26.7,100,100,rain,0,0.2,48.2,26.6,32.6,1015.5,95,9.3,25.8,2.1,1,10,2024-06-18T07:45:49,2024-06-18T17:42:20,0.39,"Rain, Overcast",Cloudy skies throughout the day with a chance of rain throughout the day.,rain,"SCEL,85577099999,remote,85574099999"
"-33.3537,-70.6811",2024-06-19,16.1,7.8,10.7,16.1,6.1,10.3,7.6,82.7,3.3,100,37.5,rain,0,0.2,36,14.7,189.4,1018.8,61.7,9.8,112.7,9.8,5,10,2024-06-19T07:46:05,2024-06-19T17:42:31,0.42,"Rain, Partially cloudy",Partly cloudy throughout the day with rain clearing later.,rain,"SCEL,85577099999,85574099999"
"-33.3537,-70.6811",2024-06-20,11.8,6.4,8.9,11.8,5.3,8.3,7.3,90.2,1.7,100,25,rain,0,0.3,23,22.3,154.2,1015.4,84.5,8.8,47.4,3.9,2,10,2024-06-20T07:46:19,2024-06-20T17:42:44,0.46,"Rain, Partially cloudy",Partly cloudy throughout the day with rain.,rain,"SCEL,85577099999,85574099999"
"-33.3537,-70.6811",2024-06-21,9.8,6,7.6,8.6,3,5.5,6.7,94,66.9,100,91.67,rain,0,0.2,39.2,33,151.4,1016.8,99.6,7.2,5.2,0.6,0,10,2024-06-21T07:46:32,2024-06-21T17:42:57,0.5,"Rain, Overcast",Cloudy skies throughout the day with a chance of rain throughout the day.,rain,"SCEL,85577099999,85574099999"
"-33.3537,-70.6811",2024-06-22,9,6.5,7.7,8.3,3.3,5.8,6.1,89.9,32.5,100,100,rain,0,0.2,30.2,22.3,101.2,1020.1,94.5,8.8,15.2,1.4,1,10,2024-06-22T07:46:44,2024-06-22T17:43:12,0.52,"Rain, Overcast",Cloudy skies throughout the day with a chance of rain throughout the day.,rain,"SCEL,85577099999,remote,85574099999"
"-33.3537,-70.6811",2024-06-23,10.6,5,7.4,10.6,3.9,6.3,5.2,86.8,1.6,100,29.17,rain,0,0.2,22.3,16.6,201.6,1020.8,89.5,8.8,99.9,8.6,5,10,2024-06-23T07:46:54,2024-06-23T17:43:29,0.56,"Rain, Partially cloudy",Partly cloudy throughout the day with rain clearing later.,rain,"SCEL,85577099999,85574099999"
"-33.3537,-70.6811",2024-06-24,9.9,5.9,7.5,8.3,2.6,5.3,4.2,80,1.8,100,50,rain,0,0.3,13.3,19.7,181.1,1021,89.5,10,25.2,2.2,1,10,2024-06-24T07:47:02,2024-06-24T17:43:46,0.59,"Rain, Partially cloudy",Partly cloudy throughout the day with rain.,rain,"SCEL,85577099999,85574099999"
"-33.3537,-70.6811",2024-06-25,11.6,3.6,7.1,11.6,1.2,5.4,2.9,76,2.1,100,29.17,rain,0,0.4,17.3,20.8,208.8,1025.9,57.1,9.8,125,10.9,5,10,2024-06-25T07:47:10,2024-06-25T17:44:05,0.63,"Rain, Partially cloudy",Partly cloudy throughout the day with rain clearing later.,rain,"SCEL,85577099999,85574099999"
"-33.3537,-70.6811",2024-06-26,14.4,0.6,6.2,14.4,-2.7,4.8,2.4,79.3,0,0,0,,0,0.4,16.6,17.8,353.7,1026.9,31.8,7.7,125,11,5,10,2024-06-26T07:47:15,2024-06-26T17:44:25,0.67,Partially cloudy,Partly cloudy throughout the day.,partly-cloudy-day,"SCEL,85577099999,85574099999"
"-33.3537,-70.6811",2024-06-27,18.3,2.6,9.3,18.3,-0.2,8,3.8,71.9,0,0,0,,0,0.3,14.8,21.3,155.8,1019.4,61.8,8.6,96,8.5,4,10,2024-06-27T07:47:20,2024-06-27T17:44:46,0.7,Partially cloudy,Partly cloudy throughout the day.,partly-cloudy-day,"SCEL,85577099999,85574099999"
"-33.3537,-70.6811",2024-06-28,15.5,3.7,8.4,15.5,2.1,7.6,5.4,83.4,0,0,0,,0,0.2,17.6,19.4,221.1,1021.8,35.2,7.9,132.2,11.3,6,10,2024-06-28T07:47:23,2024-06-28T17:45:08,0.75,Partially cloudy,Clearing in the afternoon.,partly-cloudy-day,"SCEL,85577099999,85574099999"
"-33.3537,-70.6811",2024-06-29,17.3,2.3,8,17.3,-0.1,7.2,5.2,84.7,0,0,0,,0,0.2,19.1,19.3,15.7,1021.8,37.5,5.2,125.4,10.8,5,10,2024-06-29T07:47:24,2024-06-29T17:45:31,0.77,Partially cloudy,Partly cloudy throughout the day.,partly-cloudy-day,"SCEL,85577099999,85574099999"
"-33.3537,-70.6811",2024-06-30,20.3,2.5,10,20.3,1.1,9.5,4.6,73.8,0,0,0,,0,0.3,17.6,16.6,356.5,1022.4,9.7,7.3,139.1,12,6,10,2024-06-30T07:47:24,2024-06-30T17:45:55,0.81,Clear,Clear conditions throughout the day.,clear-day,"SCEL,85577099999,85574099999"
"-33.3537,-70.6811",2024-07-01,21.6,3.1,10.5,21.6,-0.3,9.6,4.2,70,0,0,0,,0,0.3,17.3,16.3,335.3,1021,0.2,8.8,137,11.8,5,10,2024-07-01T07:47:22,2024-07-01T17:46:21,0.85,Clear,Clear conditions throughout the day.,clear-day,"SCEL,85577099999,85574099999"
"-33.3537,-70.6811",2024-07-02,20.1,2.7,10.3,20.1,0.5,9.7,3.9,69.1,0,0,0,,0,0.2,16.6,32.2,184.4,1021.1,33.1,9,135.8,11.7,5,10,2024-07-02T07:47:19,2024-07-02T17:46:47,0.88,Partially cloudy,Becoming cloudy in the afternoon.,partly-cloudy-day,"SCEL,85577099999,85574099999"
"-33.3537,-70.6811",2024-07-03,18.3,5.7,10.4,18.3,3.2,9.5,4.5,69.4,0,0,0,,0,0.2,16.6,26.5,176,1019.8,95.3,9.3,105.4,9.3,5,10,2024-07-03T07:47:14,2024-07-03T17:47:14,0.92,Overcast,Cloudy skies throughout the day.,cloudy,"SCEL,85577099999,85574099999"
"-33.3537,-70.6811",2024-07-04,13.3,3.2,7.3,13.3,0.5,5.7,1.8,70.4,0,0,0,,0,0,21.2,28.2,185.5,1021.4,69.4,9.4,131.1,11.2,5,10,2024-07-04T07:47:07,2024-07-04T17:47:42,0.95,Partially cloudy,Partly cloudy throughout the day.,partly-cloudy-day,"SCEL,85577099999,85574099999"
"-33.3537,-70.6811",2024-07-05,17,-0.6,6.6,17,-3.6,5.7,0.7,69.7,0,0,0,,0,0,13.3,18.4,247.3,1020.6,2.2,8,147,12.7,6,10,2024-07-05T07:46:59,2024-07-05T17:48:11,0,Clear,Clear conditions throughout the day.,clear-day,"SCEL,85577099999,85574099999"
"-33.3537,-70.6811",2024-07-06,14.4,-0.1,6.2,14.4,-2.8,4.6,0.8,71.4,0,0,0,,0,0,29.5,34.1,176.9,1022.5,3.8,7.8,144.8,12.5,6,10,2024-07-06T07:46:50,2024-07-06T17:48:41,0.02,Clear,Clear conditions throughout the day.,clear-day,"SCEL,85577099999,85574099999"
"-33.3537,-70.6811",2024-07-07,14.9,-1.2,5.6,14.9,-3.5,4.9,0.7,74.6,0,0,0,,0,0,15.1,17.5,192,1023,0.6,7.2,145.4,12.4,6,10,2024-07-07T07:46:39,2024-07-07T17:49:12,0.06,Clear,Clear conditions throughout the day.,clear-day,"SCEL,85577099999,85574099999"
"-33.3537,-70.6811",2024-07-08,16,-0.7,6.3,16,-3.8,5.5,0.8,72.2,0,0,0,,0,0,16.6,21.2,201.6,1020.1,1,6.6,148.7,12.7,6,10,2024-07-08T07:46:26,2024-07-08T17:49:43,0.09,Clear,Clear conditions throughout the day.,clear-day,"SCEL,85577099999,85574099999"
"-33.3537,-70.6811",2024-07-09,12.3,-0.4,5,12.3,-3.4,3,1.4,79.8,0,0,0,,0,0,19.4,40,179.3,1019.3,7.2,7,149.3,12.8,6,10,2024-07-09T07:46:12,2024-07-09T17:50:15,0.12,Clear,Clear conditions throughout the day.,clear-day,"SCEL,85577099999,85574099999"
"-33.3537,-70.6811",2024-07-10,9.5,2,5.4,9.5,-1.6,3.4,1.6,77.4,0.1,100,4.17,rain,0,0,20.5,18.7,248.7,1019.1,56.8,7.8,138.9,11.8,6,10,2024-07-10T07:45:56,2024-07-10T17:50:48,0.15,"Rain, Partially cloudy",Partly cloudy throughout the day with morning rain.,rain,"SCEL,85577099999,85574099999"
"-33.3537,-70.6811",2024-07-11,12.6,-0.3,5,12.6,-4,3.3,1,77.7,0,0,0,,0,0,16.2,18.7,234,1022.4,25.2,5.4,146.4,12.5,6,10,2024-07-11T07:45:38,2024-07-11T17:51:22,0.18,Partially cloudy,Clearing in the afternoon.,partly-cloudy-day,"SCEL,85577099999,85574099999"
"-33.3537,-70.6811",2024-07-12,16.4,-1.6,6.3,16.4,-6.1,4.8,0.3,71.1,0,0,0,,0,0,19.4,32.9,142.7,1021.7,0,6.2,153.5,13.2,6,10,2024-07-12T07:45:19,2024-07-12T17:51:56,0.22,Clear,Clear conditions throughout the day.,clear-day,"SCEL,85577099999,85574099999"
"-33.3537,-70.6811",2024-07-13,16.3,-1.3,6.1,16.3,-2.4,5.4,1.1,74.3,0,0,0,,0,0,18,19,194.4,1023.7,2.6,5,154.5,13.5,6,10,2024-07-13T07:44:59,2024-07-13T17:52:31,0.25,Clear,Clear conditions throughout the day.,clear-day,"SCEL,85577099999,85574099999"
"-33.3537,-70.6811",2024-07-14,17,-1.2,6.6,17,-4.1,5.9,0.1,68.6,0,0,0,,0,0,16.9,24.6,166.3,1021.3,18.1,5.5,155.8,13.5,6,10,2024-07-14T07:44:37,2024-07-14T17:53:06,0.28,Clear,Clear conditions throughout the day.,clear-day,"SCEL,85577099999,85574099999"
"-33.3537,-70.6811",2024-07-15,17.6,-0.3,7,17.6,-3,5.8,0.4,67.8,0,0,0,,0,0,18,22.9,153.3,1020.6,33.4,6.2,136.2,11.8,6,10,2024-07-15T07:44:13,2024-07-15T17:53:42,0.31,Partially cloudy,Partly cloudy throughout the day.,partly-cloudy-day,"SCEL,85577099999,85574099999"
"-33.3537,-70.6811",2024-07-16,20,2.8,10.2,20,-0.1,8.7,1.8,59.7,0,0,0,,0,0,20.5,36.2,142.8,1020.8,37.3,6.9,151.4,13.2,6,10,2024-07-16T07:43:48,2024-07-16T17:54:19,0.35,Partially cloudy,Clearing in the afternoon.,partly-cloudy-day,"SCEL,85577099999,85574099999"
"-33.3537,-70.6811",2024-07-17,19.7,1.9,10.3,19.7,-2.5,9.5,2.1,61.2,0,0,0,,0,0,21.2,27,184.1,1017.5,51.3,6.7,142.7,12.2,6,10,2024-07-17T07:43:21,2024-07-17T17:54:56,0.38,Partially cloudy,Partly cloudy throughout the day.,partly-cloudy-day,"SCEL,85577099999,85574099999"
"-33.3537,-70.6811",2024-07-18,13.7,7.6,10.3,13.7,5.9,9.3,4.4,67.9,0,0,0,,0,0,14.8,31.8,182.3,1019.7,81.3,7.1,75.7,6.5,4,10,2024-07-18T07:42:52,2024-07-18T17:55:33,0.41,Partially cloudy,Partly cloudy throughout the day.,partly-cloudy-day,"SCEL,85577099999,85574099999"
"-33.3537,-70.6811",2024-07-19,16.9,6,9.9,16.9,5.1,9.3,6,78.8,0,0,0,,0,0,17.6,22.7,194.8,1018,58.1,6.6,143.2,12.5,6,10,2024-07-19T07:42:22,2024-07-19T17:56:11,0.44,Partially cloudy,Partly cloudy throughout the day.,partly-cloudy-day,"SCEL,85577099999,85574099999"
"-33.3537,-70.6811",2024-07-20,13.3,0.8,7.3,13.3,-2.5,6,5.3,88,0,0,0,,0,0,19.8,44,177.5,1017.8,24,4.5,154.3,13.4,6,10,2024-07-20T07:41:51,2024-07-20T17:56:50,0.48,Partially cloudy,Clearing in the afternoon.,partly-cloudy-day,"SCEL,85577099999,85574099999"
"-33.3537,-70.6811",2024-07-21,15.5,6.8,10.1,15.5,4.1,8.9,5.6,75.9,0,0,0,,0,0,25.2,28.4,250.1,1021.6,62.5,6.6,141.5,12.3,6,10,2024-07-21T07:41:18,2024-07-21T17:57:28,0.5,Partially cloudy,Partly cloudy throughout the day.,partly-cloudy-day,"SCEL,85577099999,85574099999"
"-33.3537,-70.6811",2024-07-22,19.6,2.3,9.4,19.6,-0.5,8.5,3.8,72,0,0,0,,0,0,18.7,23.8,139.3,1016.7,1.3,7.1,160.4,13.7,6,10,2024-07-22T07:40:43,2024-07-22T17:58:07,0.54,Clear,Clear conditions throughout the day.,clear-day,"SCEL,85577099999,85574099999"
"-33.3537,-70.6811",2024-07-23,11.6,2.5,7.6,11.6,1.2,5.8,5.4,86.5,3,100,37.5,rain,0,0,20.9,23.3,184.3,1022.3,63.9,5.7,88.9,7.6,4,10,2024-07-23T07:40:07,2024-07-23T17:58:47,0.58,"Rain, Partially cloudy",Partly cloudy throughout the day with rain.,rain,"SCEL,85577099999,85574099999"
"-33.3537,-70.6811",2024-07-24,18.8,1.2,8.6,18.8,-1.5,7.5,3.3,74.5,0.4,100,12.5,rain,0,0,18.4,13.9,309.4,1027.2,28.7,5.7,157.8,13.7,6,10,2024-07-24T07:39:30,2024-07-24T17:59:26,0.62,"Rain, Partially cloudy",Partly cloudy throughout the day with early morning rain.,rain,"SCEL,85577099999,85574099999"
"-33.3537,-70.6811",2024-07-25,18.7,2.5,9.4,18.7,0.9,8.6,3.3,69.2,0,0,0,,0,0,21.2,37.5,191.9,1023.3,75.2,8,136.9,11.9,6,10,2024-07-25T07:38:51,2024-07-25T18:00:06,0.65,Partially cloudy,Partly cloudy throughout the day.,partly-cloudy-day,"SCEL,85577099999,85574099999"
"-33.3537,-70.6811",2024-07-26,14.7,2.5,7.8,14.7,0,6.7,4.1,79.1,0,0,0,,0,0,19.1,30.6,188.5,1023.9,66.4,6.4,137.6,11.7,5,10,2024-07-26T07:38:11,2024-07-26T18:00:46,0.69,Partially cloudy,Partly cloudy throughout the day.,partly-cloudy-day,"SCEL,85577099999,85574099999"
"-33.3537,-70.6811",2024-07-27,17.3,0.9,7.9,17.3,-1.2,6.3,2.1,71.9,0,0,0,,0,0,20.2,30.8,179.1,1022.6,21.8,6,163.3,14.2,6,10,2024-07-27T07:37:29,2024-07-27T18:01:27,0.75,Partially cloudy,Partly cloudy throughout the day.,partly-cloudy-day,"SCEL,85577099999,85574099999"
"-33.3537,-70.6811",2024-07-28,18.9,0.2,7.7,18.9,-3.7,6.6,1.2,66.9,0,0,0,,0,0,19.4,23,230.1,1020.7,0.5,7.3,167.8,14.5,6,10,2024-07-28T07:36:46,2024-07-28T18:02:07,0.76,Clear,Clear conditions throughout the day.,clear-day,"SCEL,85577099999,85574099999"
"-33.3537,-70.6811",2024-07-29,24.3,1.9,10.9,24.3,-1,10.2,2,61,0,0,0,,0,0,18.7,20.2,1,1016.8,51.4,7.1,166,14.2,6,10,2024-07-29T07:36:01,2024-07-29T18:02:48,0.79,Partially cloudy,Clearing in the afternoon.,partly-cloudy-day,"SCEL,85577099999,85574099999"
"-33.3537,-70.6811",2024-07-30,15.8,8.7,11.5,15.8,6.7,11,4.2,61.3,0,0,0,,0,0,22,29.2,183.8,1014.6,97.4,8.5,94.1,8.1,5,10,2024-07-30T07:35:16,2024-07-30T18:03:29,0.83,Overcast,Cloudy skies throughout the day.,cloudy,"SCEL,85577099999,85574099999"
"-33.3537,-70.6811",2024-07-31,12,9.1,10.4,12,5.7,9.3,6,74.6,0,0,0,,0,0,25.6,41.3,201.5,1012.9,92,7.5,31.4,2.6,1,10,2024-07-31T07:34:28,2024-07-31T18:04:10,0.86,Overcast,Cloudy skies throughout the day.,cloudy,"SCEL,85577099999,85574099999"
"-33.3537,-70.6811",2024-08-01,10.7,7.9,9.3,10.7,5.8,7.7,6.5,82.8,1.5,100,50,rain,0,0,29.5,29.4,162.3,1008.8,100,9.7,40.5,3.4,2,10,2024-08-01T07:33:40,2024-08-01T18:04:51,0.9,"Rain, Overcast",Cloudy skies throughout the day with a chance of rain throughout the day.,rain,"SCEL,85577099999,85574099999"
"-33.3537,-70.6811",2024-08-02,14.7,6.2,8.6,14.7,1,5.8,6,84.6,53.8,100,100,rain,0,0,100.1,52.6,350.4,1015.7,96.5,8.1,70.4,6.1,5,10,2024-08-02T07:32:50,2024-08-02T18:05:32,0.94,"Rain, Overcast",Cloudy skies throughout the day with a chance of rain throughout the day.,rain,"SCEL,85577099999,85574099999"
"-33.3537,-70.6811",2024-08-03,14.7,4.8,8.9,14.7,2.6,7.5,5,78.8,4,100,29.17,rain,0,0,39.6,19.3,330.4,1021.6,74.4,11.2,170.5,14.7,7,10,2024-08-03T07:31:59,2024-08-03T18:06:13,0.97,"Rain, Partially cloudy",Partly cloudy throughout the day with rain clearing later.,rain,"SCEL,85577099999,remote,85574099999"
"-33.3537,-70.6811",2024-08-04,16.1,6.2,10.3,16.1,3.6,9.6,5.6,74.7,0,0,0,,0,0.2,20.5,21.1,186.2,1019.2,84.1,8.9,137.6,11.8,6,10,2024-08-04T07:31:06,2024-08-04T18:06:54,0,Partially cloudy,Partly cloudy throughout the day.,partly-cloudy-day,"SCEL,85577099999,85574099999"
"-33.3537,-70.6811",2024-08-05,9.8,6.9,8.2,9.5,4.5,6.2,5.7,84.8,21.5,100,70.83,rain,0,0.2,34.6,21.2,134.6,1021.1,93.7,9.4,71.3,6.1,3,10,2024-08-05T07:30:13,2024-08-05T18:07:35,0.04,"Rain, Overcast",Cloudy skies throughout the day with rain.,rain,"SCEL,85577099999,85574099999"
"-33.3537,-70.6811",2024-08-06,11.9,4.8,7.9,11.9,1.9,5.8,4,77.6,9.6,100,33.33,rain,0,0.1,25.9,27.1,188.5,1025.5,75.1,9.5,163.3,14,6,10,2024-08-06T07:29:18,2024-08-06T18:08:17,0.07,"Rain, Partially cloudy",Partly cloudy throughout the day with rain clearing later.,rain,"SCEL,85577099999,85574099999"
"-33.3537,-70.6811",2024-08-07,10.9,2.9,6.8,10.9,0.3,4.8,2.7,76,0.9,100,25,rain,0,0.2,23.8,24.1,196.5,1024.4,66.8,10,161.3,13.7,6,10,2024-08-07T07:28:22,2024-08-07T18:08:58,0.1,"Rain, Partially cloudy",Partly cloudy throughout the day with rain.,rain,"SCEL,85577099999,85574099999"
"-33.3537,-70.6811",2024-08-08,14.7,0.8,6.9,14.7,-0.8,6.1,2,74.3,0,0,0,,0,0.3,17.3,18.1,315.8,1024.4,5.1,8.6,188.5,16.2,7,10,2024-08-08T07:27:25,2024-08-08T18:09:39,0.14,Clear,Clear conditions throughout the day.,clear-day,"SCEL,85577099999,85574099999"
"-33.3537,-70.6811",2024-08-09,19.1,0.4,9.2,19.1,-3.7,7.7,1.5,64.2,0,0,0,,0,0.4,18,23,118.9,1024,47.7,8.5,184.4,15.9,7,10,2024-08-09T07:26:26,2024-08-09T18:10:21,0.17,Partially cloudy,Becoming cloudy in the afternoon.,partly-cloudy-day,"SCEL,85577099999,85574099999"
"-33.3537,-70.6811",2024-08-10,20.3,3.4,10.7,20.3,-0.4,9.7,2.7,62.3,0,0,0,,0,0.2,22.3,26.7,214.3,1024.4,24.9,8.4,175.2,15.1,7,10,2024-08-10T07:25:27,2024-08-10T18:11:02,0.2,Partially cloudy,Partly cloudy throughout the day.,partly-cloudy-day,"SCEL,85577099999,85574099999"
"-33.3537,-70.6811",2024-08-11,21.3,3.3,11.3,21.3,0.5,10.4,4.3,66.7,0,0,0,,0,0.2,19.1,19.6,287.4,1022.7,3.9,8.7,182.1,15.8,7,10,2024-08-11T07:24:26,2024-08-11T18:11:43,0.24,Clear,Clear conditions throughout the day.,clear-day,"SCEL,85577099999,85574099999"
"-33.3537,-70.6811",2024-08-12,24.6,4.8,13.4,24.6,3.9,13,6.5,68,0,0,0,,0,0.1,19.1,23.1,152.6,1016,3.4,7.8,189.1,16.4,7,10,2024-08-12T07:23:24,2024-08-12T18:12:24,0.25,Clear,Clear conditions throughout the day.,clear-day,"SCEL,85577099999,85574099999"
"-33.3537,-70.6811",2024-08-13,22.1,6.1,13.1,22.1,4,12.7,8.4,76,0,0,0,,0,0,18.4,30.5,187.2,1016,21.2,7.9,186.6,16.1,7,10,2024-08-13T07:22:22,2024-08-13T18:13:05,0.3,Partially cloudy,Partly cloudy throughout the day.,partly-cloudy-day,"SCEL,85577099999,85574099999"
"-33.3537,-70.6811",2024-08-14,14.2,9,10.8,14.2,6.2,9.8,9.6,92.6,0.2,100,8.33,rain,0,0,20.2,26.8,185.2,1019.1,93.3,3.6,139.4,11.9,6,10,2024-08-14T07:21:18,2024-08-14T18:13:46,0.33,"Rain, Overcast",Cloudy skies throughout the day with rain.,rain,"SCEL,85577099999,85574099999"
"-33.3537,-70.6811",2024-08-15,14.6,5.9,9.9,14.6,4.2,9.2,8.4,90.9,1,100,25,rain,0,0,28.1,29.4,216.1,1020.6,89.3,3.3,155.6,13.4,6,10,2024-08-15T07:20:13,2024-08-15T18:14:27,0.37,"Rain, Partially cloudy",Partly cloudy throughout the day with rain.,rain,"SCEL,85577099999,85574099999"
"-33.3537,-70.6811",2024-08-16,12.9,7.7,10.1,12.9,6.3,9,6.9,81.5,0.9,100,29.17,rain,0,0,20.2,25.5,184.8,1020.3,93.6,6.2,100.1,8.7,4,10,2024-08-16T07:19:08,2024-08-16T18:15:08,0.4,"Rain, Overcast",Cloudy skies throughout the day with rain.,rain,"SCEL,85577099999,SCTB,85574099999"
"-33.3537,-70.6811",2024-08-17,15.6,6.1,10.3,15.6,4.4,9.6,5.1,70.9,0.1,100,4.17,rain,0,0,20.5,32.1,186.4,1019.4,95.9,9.2,148.5,12.8,6,10,2024-08-17T07:18:01,2024-08-17T18:15:49,0.43,"Rain, Overcast",Cloudy skies throughout the day with early morning rain.,rain,"SCEL,85577099999,85574099999"
"-33.3537,-70.6811",2024-08-18,11.6,5.6,8.6,11.6,3.5,7.3,3.9,73,0,0,0,rain,0,0,18,23.7,177.8,1019,92.5,9.9,111.1,9.5,5,10,2024-08-18T07:16:53,2024-08-18T18:16:30,0.46,Overcast,Cloudy skies throughout the day.,cloudy,"SCEL,85577099999,85574099999"
"-33.3537,-70.6811",2024-08-19,11.7,5.4,8.3,11.7,1.9,6.5,4.2,76.3,0.5,100,16.67,rain,0,0,25.6,26.4,175.1,1020.2,88.3,8.4,187.4,16.2,7,10,2024-08-19T07:15:45,2024-08-19T18:17:10,0.5,"Rain, Partially cloudy",Partly cloudy throughout the day with rain.,rain,"SCEL,85577099999,85574099999"
"-33.3537,-70.6811",2024-08-20,10.8,5.8,7.4,10.8,2.4,5.2,3,74.1,2.1,100,62.5,rain,0,0.2,25.2,25.7,178.6,1021.2,83.1,10,122.9,10.5,4,10,2024-08-20T07:14:36,2024-08-20T18:17:51,0.53,"Rain, Partially cloudy",Partly cloudy throughout the day with a chance of rain throughout the day.,rain,"SCEL,85577099999,85574099999"
"-33.3537,-70.6811",2024-08-21,12.6,1.7,7.3,12.6,-0.4,5.7,1.5,68.9,7.2,100,100,"rain,snow",0,0.2,40.3,25.7,226.4,1023.2,84.8,9.4,170.2,14.7,7,10,2024-08-21T07:13:26,2024-08-21T18:18:31,0.57,"Snow, Rain, Partially cloudy",Partly cloudy throughout the day with a chance of rain or snow throughout the day.,rain,"SCEL,85577099999,85574099999"
"-33.3537,-70.6811",2024-08-22,12.4,2,7.5,12.4,-1.3,6,1.6,69.2,4.5,100,75,"rain,snow",0,0.3,28.1,23.4,203.2,1025.3,62.9,10,180.7,15.6,7,10,2024-08-22T07:12:15,2024-08-22T18:19:12,0.6,"Snow, Rain, Partially cloudy",Partly cloudy throughout the day with a chance of rain or snow throughout the day.,rain,"SCEL,85577099999,85574099999"
"-33.3537,-70.6811",2024-08-23,11.6,3.3,7.2,11.6,1.5,5.5,2.6,74.1,8.7,100,79.17,rain,0,0.4,34.6,27.8,209.2,1027.1,58.4,9.9,154.5,13.3,7,10,2024-08-23T07:11:03,2024-08-23T18:19:52,0.64,"Rain, Partially cloudy",Partly cloudy throughout the day with a chance of rain throughout the day.,rain,"SCEL,85577099999,85574099999"
"-33.3537,-70.6811",2024-08-24,19.7,0.5,8.5,19.7,-2.6,7.1,-0.2,63.4,0,0,0,,0,0.4,19.1,15.1,324.1,1024.9,6.4,8.6,214.7,18.4,8,10,2024-08-24T07:09:51,2024-08-24T18:20:32,0.67,Clear,Clear conditions throughout the day.,clear-day,"SCEL,85577099999,85574099999"
"-33.3537,-70.6811",2024-08-25,22.6,3.5,11.7,22.6,0.2,10.8,0.6,51.1,0,0,0,,0,0.1,20.9,29.3,185.5,1021,11.8,9.8,216.1,18.6,8,10,2024-08-25T07:08:37,2024-08-25T18:21:12,0.71,Clear,Clear conditions throughout the day.,clear-day,"SCEL,85577099999,85574099999"
"-33.3537,-70.6811",2024-08-26,19.1,3.4,10.4,19.1,0.4,9.6,1.2,56.6,0,0,0,,0,0,25.6,29.6,198.1,1024,9.4,10,218.5,18.9,8,10,2024-08-26T07:07:23,2024-08-26T18:21:52,0.75,Clear,Clear conditions throughout the day.,clear-day,"SCEL,85577099999,85574099999"
"-33.3537,-70.6811",2024-08-27,20.5,2.3,11,20.5,0,10.2,3.6,64.1,0,0,0,,0,0,18.4,29.9,200.5,1018.1,45.3,9.7,213.4,18.4,8,10,2024-08-27T07:06:09,2024-08-27T18:22:32,0.78,Partially cloudy,Partly cloudy throughout the day.,partly-cloudy-day,"SCEL,85577099999,85574099999"
"-33.3537,-70.6811",2024-08-28,15.1,3.7,9.6,15.1,2.6,8.2,6.5,82.5,0.4,100,12.5,rain,0,0,22.7,26.9,179.5,1017.2,53.3,8.3,194.1,16.9,7,10,2024-08-28T07:04:54,2024-08-28T18:23:12,0.81,"Rain, Partially cloudy",Partly cloudy throughout the day with rain.,rain,"SCEL,85577099999,85574099999"
"-33.3537,-70.6811",2024-08-29,9.7,7.9,8.6,7.8,5.3,6.5,6.9,88.8,2,100,20.83,rain,0,0,23.8,31.3,215.1,1020.2,99,6.8,172.1,14.9,7,10,2024-08-29T07:03:38,2024-08-29T18:23:51,0.85,"Rain, Overcast",Cloudy skies throughout the day with rain.,rain,"SCEL,85577099999,85574099999"
"-33.3537,-70.6811",2024-08-30,15.5,7.1,10.2,15.5,4.2,8.6,5.3,72.7,3.1,100,50,rain,0,0,16.2,25.2,186.8,1025.1,66.3,9.7,110.4,9.5,4,10,2024-08-30T07:02:21,2024-08-30T18:24:31,0.88,"Rain, Partially cloudy",Partly cloudy throughout the day with rain clearing later.,rain,"SCEL,85577099999,85574099999"
"-33.3537,-70.6811",2024-08-31,21.7,2.4,11.3,21.7,0.5,10.6,3.8,67,0,0,0,,0,0,20.5,24.4,239.3,1023.4,8.1,8.1,231.9,20,8,10,2024-08-31T07:01:04,2024-08-31T18:25:11,0.92,Clear,Clear conditions throughout the day.,clear-day,"SCEL,85577099999,85574099999"
"-33.3537,-70.6811",2024-09-01,25.8,4.8,14.4,25.8,2.6,13.9,4.4,56.7,0,0,0,,0,0,19.1,24.7,178.6,1019.2,19.5,9.2,228.6,19.8,8,10,2024-09-01T06:59:47,2024-09-01T18:25:50,0.95,Clear,Clear conditions throughout the day.,clear-day,"SCEL,85577099999,85574099999"
"-33.3537,-70.6811",2024-09-02,16.1,7.7,12,16.1,5.1,11.5,5.5,65.8,0,0,0,,0,0,31,33.3,195.7,1021.1,51,10,190.2,16.3,7,10,2024-09-02T06:58:29,2024-09-02T18:26:30,0,Partially cloudy,Partly cloudy throughout the day.,partly-cloudy-day,"SCEL,85577099999,85574099999"
"-33.3537,-70.6811",2024-09-03,16.7,7.9,11.9,16.7,5.8,11.2,4.8,64.6,0,0,0,,0,0,27,26.5,205,1023.1,82.6,9.8,192.6,16.6,8,10,2024-09-03T06:57:10,2024-09-03T18:27:09,0.02,Partially cloudy,Partly cloudy throughout the day.,partly-cloudy-day,"SCEL,85577099999,85574099999"
"-33.3537,-70.6811",2024-09-04,21.5,2.2,10.7,21.5,-0.6,9.9,1.6,59.3,0,0,0,,0,0,26.3,24.7,194.5,1023.2,0.8,9.9,245.7,21.2,9,10,2024-09-04T06:55:51,2024-09-04T18:27:49,0.05,Clear,Clear conditions throughout the day.,clear-day,"SCEL,85577099999,85574099999"
"-33.3537,-70.6811",2024-09-05,24.6,3.8,13.5,24.6,1.5,12.9,2.4,52.7,0,0,0,,0,0,20.2,21.3,197.6,1018.6,56.4,9.3,234.1,20.4,8,10,2024-09-05T06:54:32,2024-09-05T18:28:28,0.09,Partially cloudy,Partly cloudy throughout the day.,partly-cloudy-day,"SCEL,85577099999,85574099999"
"-33.3537,-70.6811",2024-09-06,20.3,7.3,13,20.3,5.4,12.7,5.9,64.7,0,0,0,,0,0,23,28.2,187.9,1018,79.6,9.8,235,20.3,8,10,2024-09-06T06:53:12,2024-09-06T18:29:07,0.12,Partially cloudy,Partly cloudy throughout the day.,partly-cloudy-day,"SCEL,85577099999,85574099999"
"-33.3537,-70.6811",2024-09-07,17.7,5.9,11,17.7,1.9,9.9,7,78.3,0,0,0,,0,0,24.5,24.2,176.8,1019.7,37.1,8.8,233.8,20.2,8,10,2024-09-07T06:51:52,2024-09-07T18:29:47,0.15,Partially cloudy,Partly cloudy throughout the day.,partly-cloudy-day,"SCEL,85577099999,85574099999"
"-33.3537,-70.6811",2024-09-08,20.5,5.5,12.4,20.5,2.8,11.8,5.9,68.1,0,0,0,,0,0,22.3,22.7,205.2,1019.2,62.9,9,231.6,19.1,8,10,2024-09-08T07:50:31,2024-09-08T19:30:26,0.19,Partially cloudy,Partly cloudy throughout the day.,partly-cloudy-day,"SCEL,85577099999,85574099999"
"-33.3537,-70.6811",2024-09-09,23.8,8.3,15.4,23.8,6.5,15.1,6.3,59.2,0,0,0,,0,0,20.2,22.6,218.2,1018.8,84.7,9.5,234.5,19.2,8,10,2024-09-09T07:49:11,2024-09-09T19:31:05,0.22,Partially cloudy,Partly cloudy throughout the day.,partly-cloudy-day,"SCEL,85577099999,85574099999"
"-33.3537,-70.6811",2024-09-10,19.1,7.5,13.3,19.1,5.2,12.9,6.2,63.5,1.1,100,29.17,rain,0,0,30.6,31.2,195.2,1016.8,86.6,10,235.3,19.5,9,10,2024-09-10T07:47:49,2024-09-10T19:31:45,0.25,"Rain, Partially cloudy",Partly cloudy throughout the day with rain.,rain,"SCEL,85577099999,85574099999"
"-33.3537,-70.6811",2024-09-11,20.5,7.2,13.7,20.5,5.2,13.3,6.4,63.5,0.7,100,20.83,rain,0,0,25.2,27.1,191.4,1018.2,22.9,10,259.1,21.5,9,10,2024-09-11T07:46:28,2024-09-11T19:32:24,0.25,"Rain, Partially cloudy",Partly cloudy throughout the day with rain clearing later.,rain,"SCEL,85577099999,85574099999"
"-33.3537,-70.6811",2024-09-12,19,7.3,12.1,19,6.4,11.9,5.9,67.4,3.1,100,29.17,rain,0,0,27,32.3,197.4,1017,67.4,10,227.4,18.9,8,10,2024-09-12T07:45:06,2024-09-12T19:33:03,0.32,"Rain, Partially cloudy",Partly cloudy throughout the day with rain.,rain,"SCEL,85577099999,85574099999"
"-33.3537,-70.6811",2024-09-13,19.4,5.9,12.4,19.4,2.6,11.4,5.1,63.8,0.3,100,8.33,rain,0,0,27.4,24.8,181.8,1022,34.6,9.7,268.3,22.3,9,10,2024-09-13T07:43:44,2024-09-13T19:33:43,0.35,"Rain, Partially cloudy",Clearing in the afternoon with early morning rain.,rain,"SCEL,85577099999,85574099999"
"-33.3537,-70.6811",2024-09-14,24,5,14.1,24,2.8,14,4.4,59,0,0,0,,0,0,23.4,22.3,174.9,1018.8,2.7,8.8,283.8,23.4,9,10,2024-09-14T07:42:22,2024-09-14T19:34:22,0.38,Clear,Clear conditions throughout the day.,clear-day,"SCEL,85577099999,85574099999"
"-33.3537,-70.6811",2024-09-15,25.1,5,14.7,25.1,4.4,14.6,2.1,49.3,0,0,0,,0,0,27,14.8,196.7,1019.6,5.1,9.9,279.8,23.2,9,10,2024-09-15T07:41:00,2024-09-15T19:35:02,0.42,Clear,Clear conditions throughout the day.,clear-day,"SCEL,85577099999,85574099999"
"-33.3537,-70.6811",2024-09-16,27,6,15.4,26,5.1,15.2,2.7,46.9,0,0,0,,0,0,19.8,16.6,176.1,1011.9,78.2,9.8,225.3,18.7,8,10,2024-09-16T07:39:38,2024-09-16T19:35:42,0.45,Partially cloudy,Partly cloudy throughout the day.,partly-cloudy-day,"SCEL,85577099999,85574099999"
"-33.3537,-70.6811",2024-09-17,21.2,7.2,14.4,21.2,6.4,14.1,5.8,58.7,0,0,0,,0,0,31.3,22.3,178.1,1016.3,53.9,10,264.8,22,9,10,2024-09-17T07:38:15,2024-09-17T19:36:21,0.5,Partially cloudy,Becoming cloudy in the afternoon.,partly-cloudy-day,"SCEL,85577099999,85574099999"
"-33.3537,-70.6811",2024-09-18,21.1,7.9,12.9,21.1,6.4,12.6,6.6,68.1,1.1,100,12.5,rain,0,0,28.4,25.9,161.6,1011.3,58.4,8.9,179.2,14.9,6,10,2024-09-18T07:36:53,2024-09-18T19:37:01,0.52,"Rain, Partially cloudy",Partly cloudy throughout the day with late afternoon rain.,rain,"SCEL,85577099999,85574099999"
"-33.3537,-70.6811",2024-09-19,19,6,12.5,19,5.1,11.9,5.2,64.6,2.5,100,66.67,rain,0,0,43.2,27.7,253.7,1018.2,47.3,9.9,219.1,18,7,10,2024-09-19T07:35:30,2024-09-19T19:37:41,0.55,"Rain, Partially cloudy",Partly cloudy throughout the day with a chance of rain throughout the day.,rain,"SCEL,85577099999,85574099999"
"-33.3537,-70.6811",2024-09-20,17,6,11.1,17,4,10.8,6.5,75.4,0,0,0,,0,0,16.9,13.2,155,1016.7,69.1,9.4,143.7,11.9,4,10,2024-09-20T07:34:08,2024-09-20T19:38:21,0.59,Partially cloudy,Partly cloudy throughout the day.,partly-cloudy-day,"SCEL,85577099999,85574099999"
"-33.3537,-70.6811",2024-09-21,18,8,11.7,18,5.7,11.1,7.6,78.7,0,0,0,,0,0,27.4,22.3,175,1015,86.2,7.3,258.6,21.4,8,10,2024-09-21T07:32:45,2024-09-21T19:39:01,0.62,Partially cloudy,Partly cloudy throughout the day.,partly-cloudy-day,"SCEL,85577099999,85574099999"
"-33.3537,-70.6811",2024-09-22,13,8,9.9,13,6.4,9.5,5.7,75.4,3.9,100,37.5,rain,0,0,15.5,13,252.9,1019.5,93.6,9,59.8,4.9,2,10,2024-09-22T07:31:23,2024-09-22T19:39:42,0.65,"Rain, Overcast",Cloudy skies throughout the day with rain.,rain,"SCEL,85577099999,85574099999"
"-33.3537,-70.6811",2024-09-23,16,9,12.1,16,8.2,11.9,8.5,79.5,4.7,100,58.33,rain,0,0,28.8,20.5,164.2,1019.5,91.6,9.5,116.8,9.6,4,10,2024-09-23T07:30:00,2024-09-23T19:40:22,0.69,"Rain, Overcast",Cloudy skies throughout the day with a chance of rain throughout the day.,rain,"SCEL,85577099999,85574099999"
"-33.3537,-70.6811",2024-09-24,19,4,11.5,19,3.9,11.3,6,72.2,0.7,100,8.33,rain,0,0,33.5,18.4,192.6,1020,21.4,9.1,288.4,23.9,9,10,2024-09-24T07:28:38,2024-09-24T19:41:03,0.75,"Rain, Partially cloudy",Partly cloudy throughout the day with afternoon rain.,rain,"SCEL,85577099999,85574099999"
"-33.3537,-70.6811",2024-09-25,20,3.8,11.9,20,3.8,11.9,4.4,64.7,0,0,0,,0,0,29.5,18.4,177.4,1020.7,5.2,9.9,299.9,24.8,9,10,2024-09-25T07:27:15,2024-09-25T19:41:44,0.76,Clear,Clear conditions throughout the day.,clear-day,"SCEL,85577099999,85574099999"
"-33.3537,-70.6811",2024-09-26,27,3,15.1,26.1,0.9,14.8,2.9,53.2,0,0,0,,0,0,24.8,20.5,211,1018.3,24.5,9.8,307.4,25.5,10,10,2024-09-26T07:25:53,2024-09-26T19:42:25,0.79,Partially cloudy,Becoming cloudy in the afternoon.,partly-cloudy-day,"SCEL,85577099999,85574099999"
"-33.3537,-70.6811",2024-09-27,24,7,15.7,24,5.6,15.6,5.3,54,0,0,0,,0,0,24.1,18.4,171.9,1017.9,60.8,9.8,271.4,22.4,9,10,2024-09-27T07:24:31,2024-09-27T19:43:06,0.82,Partially cloudy,Partly cloudy throughout the day.,partly-cloudy-day,"SCEL,85577099999,85574099999"
"-33.3537,-70.6811",2024-09-28,26,11,17.9,26,11,17.9,6.4,50.8,0,0,0,,0,0,23,18.4,173.2,1015.8,56.5,9.8,264.1,21.8,9,10,2024-09-28T07:23:10,2024-09-28T19:43:48,0.86,Partially cloudy,Partly cloudy throughout the day.,partly-cloudy-day,"SCEL,85577099999,85574099999"
"-33.3537,-70.6811",2024-09-29,19.7,8,13.8,19.7,6.8,13.7,7.3,65.7,0,0,0,,0,0,28.8,27.7,166.2,1015.4,52.9,10,290.5,24.2,9,10,2024-09-29T07:21:48,2024-09-29T19:44:30,0.89,Partially cloudy,Partly cloudy throughout the day.,partly-cloudy-day,"SCEL,85577099999,85574099999"
"-33.3537,-70.6811",2024-09-30,18,9.9,12.6,18,8,12.2,7.1,71.3,2.5,100,62.5,rain,0,0,31,22.3,182.4,1017.9,81.3,9.6,204.7,16.8,9,10,2024-09-30T07:20:27,2024-09-30T19:45:12,0.93,"Rain, Partially cloudy",Partly cloudy throughout the day with a chance of rain throughout the day.,rain,"SCEL,85577099999,85574099999"
"-33.3537,-70.6811",2024-10-01,20,6,12.7,20,6,12.6,6.1,67.1,0.1,100,4.17,rain,0,0,28.8,22.3,205.8,1021.1,58.5,9.6,264.9,22.1,9,10,2024-10-01T07:19:06,2024-10-01T19:45:54,0.96,"Rain, Partially cloudy",Partly cloudy throughout the day with afternoon rain.,rain,"SCEL,85577099999,85574099999"
"-33.3537,-70.6811",2024-10-02,22,6.8,13.7,22,5.2,13.5,3.7,55,0,0,0,,0,0,18.4,20.5,194.5,1018.9,57.7,9.8,277.4,23,9,10,2024-10-02T07:17:45,2024-10-02T19:46:36,0,Partially cloudy,Partly cloudy throughout the day.,partly-cloudy-day,"SCEL,85577099999,85574099999"
"-33.3537,-70.6811",2024-10-03,27,8,16.6,26.3,6.4,16.4,4.3,48.7,0,0,0,,0,0,24.1,20.5,190.2,1016.3,26.5,9.4,307.7,25.5,9,10,2024-10-03T07:16:25,2024-10-03T19:47:19,0.03,Partially cloudy,Partly cloudy throughout the day.,partly-cloudy-day,"SCEL,85577099999,85574099999"
"-33.3537,-70.6811",2024-10-04,27,9.2,17.8,26.2,9.2,17.7,4.9,48,0,0,0,,0,0,26.6,27.7,203.3,1015.6,24.6,9.7,322.3,26.7,10,10,2024-10-04T07:15:05,2024-10-04T19:48:02,0.06,Partially cloudy,Partly cloudy throughout the day.,partly-cloudy-day,"SCEL,85577099999,85574099999"
"-33.3537,-70.6811",2024-10-05,28,8,18.2,26.9,7.6,18,5.9,47.8,0,0,0,,0,0,15.8,22.3,180,1014.9,41.8,9.9,302.5,25.1,9,10,2024-10-05T07:13:46,2024-10-05T19:48:46,0.1,Partially cloudy,Partly cloudy throughout the day.,partly-cloudy-day,"SCEL,85577099999,85574099999"
"-33.3537,-70.6811",2024-10-06,22.3,15,18.4,22.3,15,18.4,10.6,61.1,0.1,100,4.17,rain,0,0,25.9,20.5,188.5,1013.5,94.8,10,140.3,11.6,5,10,2024-10-06T07:12:27,2024-10-06T19:49:29,0.13,"Rain, Overcast",Cloudy skies throughout the day with morning rain.,rain,"SCEL,85577099999,85574099999"
"-33.3537,-70.6811",2024-10-07,23.5,13.9,17.2,23.5,13.9,17.2,11.4,70.2,16.4,100,62.5,rain,0,0,26.6,25.9,195.3,1013.1,81.3,9.9,169.3,14.1,7,10,2024-10-07T07:11:08,2024-10-07T19:50:13,0.16,"Rain, Partially cloudy",Partly cloudy throughout the day with rain.,rain,"SCEL,85577099999,85574099999"
"-33.3537,-70.6811",2024-10-08,14,11,12.6,14,11,12.6,10.6,87.8,26.5,100,91.67,rain,0,0,26.3,18.4,167.8,1017.9,97.1,8.9,78.8,6.5,3,10,2024-10-08T07:09:50,2024-10-08T19:50:58,0.2,"Rain, Overcast",Cloudy skies throughout the day with a chance of rain throughout the day.,rain,"SCEL,85577099999,85574099999"
"-33.3537,-70.6811",2024-10-09,21,9,14.2,21,7.9,14.1,10.3,80.4,1.3,100,29.17,rain,0,0,24.8,20.5,186.9,1019.3,63.4,7.1,169.6,14.1,6,10,2024-10-09T07:08:32,2024-10-09T19:51:43,0.23,"Rain, Partially cloudy",Partly cloudy throughout the day with rain clearing later.,rain,"SCEL,85577099999,85574099999"
"-33.3537,-70.6811",2024-10-10,20,9,14.1,20,9,14,10.7,81.7,1.9,100,41.67,rain,0,0,29.5,33.5,176.1,1019.9,27.8,7.7,245.5,20.3,9,10,2024-10-10T07:07:15,2024-10-10T19:52:28,0.25,"Rain, Partially cloudy",Partly cloudy throughout the day with rain.,rain,"SCEL,85577099999,85574099999"
"-33.3537,-70.6811",2024-10-11,17.2,11,13.7,17.2,11,13.7,10.5,81.7,0.9,100,25,rain,0,0,33.8,18.4,181.2,1020.1,95.4,9,235,19.4,8,10,2024-10-11T07:05:59,2024-10-11T19:53:13,0.3,"Rain, Overcast",Cloudy skies throughout the day with rain.,rain,"SCEL,85577099999,85574099999"
"-33.3537,-70.6811",2024-10-12,18,13,15.1,18,13,15.1,10.3,73.8,0,0,0,,0,0,21.2,22.3,174.1,1017.8,90.3,8.7,156.6,13,5,10,2024-10-12T07:04:43,2024-10-12T19:53:59,0.33,Overcast,Cloudy skies throughout the day.,cloudy,"SCEL,85577099999,85574099999"
"-33.3537,-70.6811",2024-10-13,25,8.5,16.6,25,8.5,16.5,7.6,59.8,0,0,0,,0,0,16.6,20.5,179.8,1019.3,62.4,9.1,288.7,23.7,9,10,2024-10-13T07:03:28,2024-10-13T19:54:45,0.37,Partially cloudy,Becoming cloudy in the afternoon.,partly-cloudy-day,"SCEL,85577099999,85574099999"
"-33.3537,-70.6811",2024-10-14,24.2,9.5,16.3,24.2,9.5,16.3,6.1,53.7,0,0,0,,0,0,25.6,18.4,200.2,1019.5,56.7,10,259.8,21.5,8,10,2024-10-14T07:02:14,2024-10-14T19:55:31,0.4,Partially cloudy,Partly cloudy throughout the day.,partly-cloudy-day,"SCEL,85577099999,85574099999"
"-33.3537,-70.6811",2024-10-15,30,9,18.3,28.4,8.5,18,6.4,51.8,0,0,0,,0,0,21.6,25.9,189.5,1015.7,24.8,9.9,307.3,25.3,9,10,2024-10-15T07:01:00,2024-10-15T19:56:18,0.44,Partially cloudy,Partly cloudy throughout the day.,partly-cloudy-day,"SCEL,85577099999,85574099999"
"-33.3537,-70.6811",2024-10-16,21,10,15.6,21,8.8,15.5,5.2,51.2,0,0,0,,0,0,29.9,25.9,183.6,1017.2,21.8,10,331.4,27.5,10,10,2024-10-16T06:59:47,2024-10-16T19:57:06,0.47,Partially cloudy,Partly cloudy throughout the day.,partly-cloudy-day,"SCEL,85577099999,85574099999"
"-33.3537,-70.6811",2024-10-17,28,6.9,16.7,27,6.2,16.5,6.8,59.2,0,0,0,,0,0,27.4,20.5,205.8,1017.5,1.1,9.3,350.7,29,10,10,2024-10-17T06:58:35,2024-10-17T19:57:53,0.5,Clear,Clear conditions throughout the day.,clear-day,"SCEL,85577099999,85574099999"
"-33.3537,-70.6811",2024-10-18,31,10.1,20.4,29.4,10.1,20.1,8.9,52.8,0,0,0,,0,0,25.9,25.9,192.9,1013.4,4.7,9.5,348.7,28.9,10,10,2024-10-18T06:57:24,2024-10-18T19:58:42,0.54,Clear,Clear conditions throughout the day.,clear-day,"SCEL,85577099999,85574099999"
"-33.3537,-70.6811",2024-10-19,24,11.6,16.2,24,11.6,16.2,10.4,70.1,0.7,100,16.67,rain,0,0,31,33.5,166.8,1010.9,26.7,9.6,328.4,27.2,10,10,2024-10-19T06:56:13,2024-10-19T19:59:30,0.57,"Rain, Partially cloudy",Partly cloudy throughout the day with late afternoon rain.,rain,"SCEL,85577099999,85574099999"
"-33.3537,-70.6811",2024-10-20,19,10.7,14.2,19,10.7,14.2,8.4,70,7.2,100,70.83,rain,0,0,30.6,29.5,198.5,1014.9,77.6,9.5,271.7,22.4,9,10,2024-10-20T06:55:04,2024-10-20T20:00:19,0.6,"Rain, Partially cloudy",Partly cloudy throughout the day with a chance of rain throughout the day.,rain,"SCEL,85577099999,85574099999"
"-33.3537,-70.6811",2024-10-21,25.3,11,17.4,25.3,11,17.4,7.9,55.9,0,0,0,,0,0,16.2,24.1,187.7,1016.4,25.9,10,345.9,28.7,10,10,2024-10-21T06:53:55,2024-10-21T20:01:08,0.64,Partially cloudy,Partly cloudy throughout the day.,partly-cloudy-day,"SCEL,85577099999,85574099999"
"-33.3537,-70.6811",2024-10-22,25,9,16.5,25,8.5,16.5,9.7,66.3,3.2,100,29.17,rain,0,0,24.5,35.3,204.3,1014.8,50.6,9.7,176.5,14.7,7,10,2024-10-22T06:52:47,2024-10-22T20:01:58,0.67,"Rain, Partially cloudy",Partly cloudy throughout the day with rain.,rain,"SCEL,85577099999,85574099999"
"-33.3537,-70.6811",2024-10-23,19.5,11,14.5,19.5,11,14.5,9.3,72.3,3.1,100,70.83,rain,0,0,28.8,29.5,190.5,1019.3,76.1,9.6,199.3,16.6,6,10,2024-10-23T06:51:41,2024-10-23T20:02:48,0.7,"Rain, Partially cloudy",Partly cloudy throughout the day with a chance of rain throughout the day.,rain,"SCEL,85577099999,85574099999"
"-33.3537,-70.6811",2024-10-24,27.7,9.2,17.5,26.5,8.8,17.3,7.1,55.7,0,0,0,,0,0,29.2,31.7,188.7,1017.7,16.3,10,360.3,29.9,10,10,2024-10-24T06:50:35,2024-10-24T20:03:39,0.75,Clear,Clear conditions throughout the day.,clear-day,"SCEL,85577099999,85574099999"
"-33.3537,-70.6811",2024-10-25,25.3,8.7,16.7,25.3,6.7,16.3,7.1,58.4,0,0,0,,0,0,30.2,20.5,181.7,1016.8,24.5,10,362.2,30.1,10,10,2024-10-25T06:49:30,2024-10-25T20:04:30,0.77,Partially cloudy,Clearing in the afternoon.,partly-cloudy-day,"SCEL,85577099999,85574099999"
"-33.3537,-70.6811",2024-10-26,32.2,8,20,30,6.8,19.5,7.3,48.8,0,0,0,,0,0,24.8,25.9,194.4,1012.5,4.2,9.9,367.2,30.5,10,10,2024-10-26T06:48:27,2024-10-26T20:05:21,0.8,Clear,Clear conditions throughout the day.,clear-day,"SCEL,85577099999,85574099999"
"-33.3537,-70.6811",2024-10-27,30,9,20,28.4,9,19.7,7.9,49.9,0,0,0,,0,0,32.8,24.1,176.4,1015,0,9.8,354.8,29.6,10,10,2024-10-27T06:47:24,2024-10-27T20:06:13,0.84,Clear,Clear conditions throughout the day.,clear-day,"SCEL,85577099999,85574099999"
"-33.3537,-70.6811",2024-10-28,33.2,11,21.9,31,11,21.3,9.2,51.2,0,0,0,,0,0,17.3,33.5,193.2,1011.6,1.9,9.8,365.6,30.4,10,10,2024-10-28T06:46:23,2024-10-28T20:07:05,0.87,Clear,Clear conditions throughout the day.,clear-day,"SCEL,85577099999,85574099999"
"-33.3537,-70.6811",2024-10-29,23.5,12,18.1,23.5,12,18.1,11.5,66.7,0,0,0,,0,0,32.4,29.5,169.2,1013.6,1.5,9.7,362.7,30,10,10,2024-10-29T06:45:23,2024-10-29T20:07:58,0.9,Clear,Clear conditions throughout the day.,clear-day,"SCEL,85577099999,85574099999"
"-33.3537,-70.6811",2024-10-30,27,11.5,18.1,26.5,11.5,18.1,11.2,69.1,0,0,0,,0,0,33.5,33.5,174.2,1014.5,32.6,8.2,356.4,29.3,10,10,2024-10-30T06:44:23,2024-10-30T20:08:50,0.94,Partially cloudy,Clearing in the afternoon.,partly-cloudy-day,"SCEL,85577099999,85574099999"
"-33.3537,-70.6811",2024-10-31,27,12,18.1,26.6,12,18.1,10.9,65.7,0,0,0,,0,0,50,29.5,181.6,1011.9,20.3,9.5,347.8,28.6,10,10,2024-10-31T06:43:26,2024-10-31T20:09:44,0.97,Partially cloudy,Partly cloudy throughout the day.,partly-cloudy-day,"SCEL,85577099999,85574099999"
"-33.3537,-70.6811",2024-11-01,20.4,11.7,14.2,20.4,11.7,14.2,9.3,73.7,0,0,0,,0,0,29.9,24.1,191.4,1015.5,70.8,9.5,296.9,24.5,9,10,2024-11-01T06:42:29,2024-11-01T20:10:37,0,Partially cloudy,Partly cloudy throughout the day.,partly-cloudy-day,"SCEL,85577099999,85574099999"
"-33.3537,-70.6811",2024-11-02,27,7,16.7,26.3,6.2,16.6,6.6,57.7,0,0,0,,0,0,33.1,25.9,194,1017.4,17.4,9.7,377.7,31.5,10,10,2024-11-02T06:41:34,2024-11-02T20:11:31,0.04,Clear,Clear conditions throughout the day.,clear-day,"SCEL,85577099999,85574099999"
"-33.3537,-70.6811",2024-11-03,22,11,15.7,22,11,15.7,8.1,62.2,0.1,100,4.17,rain,0,0,37.4,28,183.3,1016.8,80.4,10,275.4,22.8,9,10,2024-11-03T06:40:40,2024-11-03T20:12:25,0.07,"Rain, Partially cloudy",Partly cloudy throughout the day with afternoon rain.,rain,"SCEL,85577099999,85574099999"
"-33.3537,-70.6811",2024-11-04,25,5,15,25,5,14.8,4.6,57.1,0,0,0,,0,0,31.7,25.9,202.2,1020.7,7.4,9.9,380.6,31.5,10,10,2024-11-04T06:39:47,2024-11-04T20:13:20,0.11,Clear,Clear conditions throughout the day.,clear-day,"SCEL,85577099999,85574099999"
"-33.3537,-70.6811",2024-11-05,28,9,18.6,26.6,7.9,18.4,4.3,45.2,0,0,0,,0,0,34.9,27.7,206.3,1017.3,4,9.8,387.9,32.2,10,10,2024-11-05T06:38:56,2024-11-05T20:14:15,0.14,Clear,Clear conditions throughout the day.,clear-day,"SCEL,85577099999,85574099999"
"-33.3537,-70.6811",2024-11-06,28.1,11.8,20.1,26.9,11.8,19.9,5,40.5,0,0,0,,0,0,30.6,24.1,207.6,1015.8,24.2,9.7,377.7,31.3,10,10,2024-11-06T06:38:07,2024-11-06T20:15:10,0.18,Partially cloudy,Clearing in the afternoon.,partly-cloudy-day,"SCEL,85577099999,85574099999"
"-33.3537,-70.6811",2024-11-07,26,12.8,19.8,26,12.8,19.8,7.6,47.2,0,0,0,,0,0,31.7,22.3,172.3,1015.8,55,10,292,24.3,9,10,2024-11-07T06:37:18,2024-11-07T20:16:05,0.21,Partially cloudy,Partly cloudy throughout the day.,partly-cloudy-day,"SCEL,85577099999,85574099999"
"-33.3537,-70.6811",2024-11-08,30.1,12,21.5,28.4,12,21.1,7.3,44.8,0,0,0,,0,0,32.4,31.7,202.6,1014.5,38.9,9.7,360.3,29.7,10,10,2024-11-08T06:36:31,2024-11-08T20:17:01,0.25,Partially cloudy,Partly cloudy throughout the day.,partly-cloudy-day,"SCEL,85577099999,85574099999"
"-33.3537,-70.6811",2024-11-09,29.4,12.8,21.1,28,12.8,20.9,6.3,39.8,0,0,0,,0,0,35.3,29.5,192.7,1013.3,13.5,10,365.8,30.2,10,10,2024-11-09T06:35:46,2024-11-09T20:17:57,0.25,Clear,Clear conditions throughout the day.,clear-day,"SCEL,85577099999,85574099999"
"-33.3537,-70.6811",2024-11-10,24,11,17.4,24,11,17.4,9.1,60.5,0.8,100,12.5,rain,0,0,34.2,27.7,196.8,1019.2,40.9,10,303.4,25.1,9,10,2024-11-10T06:35:02,2024-11-10T20:18:53,0.32,"Rain, Partially cloudy",Partly cloudy throughout the day with afternoon rain.,rain,"SCEL,85577099999,85574099999"
"-33.3537,-70.6811",2024-11-11,27.2,11.3,19.7,26.3,11.3,19.6,5.4,42.4,0,0,0,,0,0,38.2,22.3,187.5,1020,2,10,396.5,32.9,10,10,2024-11-11T06:34:20,2024-11-11T20:19:49,0.35,Clear,Clear conditions throughout the day.,clear-day,"SCEL,85577099999,85574099999"
"-33.3537,-70.6811",2024-11-12,32,11,22,29.9,11,21.4,4.5,36.3,0,0,0,,0,0,39.6,25.9,195.4,1014.7,0.4,10,391.3,32.3,10,10,2024-11-12T06:33:39,2024-11-12T20:20:45,0.39,Clear,Clear conditions throughout the day.,clear-day,"SCEL,85577099999,85574099999"
"-33.3537,-70.6811",2024-11-13,28,13.2,21.1,27.1,13.2,20.9,8,44.8,0,0,0,,0,0,36.7,33.5,194.8,1012.2,0,10,392.8,32.6,10,10,2024-11-13T06:33:00,2024-11-13T20:21:41,0.42,Clear,Clear conditions throughout the day.,clear-day,"SCEL,85577099999,85574099999"
"-33.3537,-70.6811",2024-11-14,27,11.7,18.7,26.8,11.7,18.7,10.4,60.9,0,0,0,,0,0,33.1,31.7,183.6,1014.6,24.8,9.8,381,31.4,10,10,2024-11-14T06:32:23,2024-11-14T20:22:38,0.46,Partially cloudy,Partly cloudy throughout the day.,partly-cloudy-day,"SCEL,85577099999,85574099999"
"-33.3537,-70.6811",2024-11-15,25.2,10,17.6,25.2,7.7,17.5,10.1,65.4,0,0,0,,0,0,33.5,33.5,194.3,1014.1,25.2,8.7,362.6,29.8,10,10,2024-11-15T06:31:47,2024-11-15T20:23:34,0.5,Partially cloudy,Clearing in the afternoon.,partly-cloudy-day,"SCEL,85577099999,85574099999"
"-33.3537,-70.6811",2024-11-16,18,13,15.9,18,13,15.9,9.9,68.1,0.1,100,4.17,rain,0,0,30.2,24.1,165.3,1016.2,65.1,10,276.6,22.8,8,10,2024-11-16T06:31:13,2024-11-16T20:24:31,0.52,"Rain, Partially cloudy",Partly cloudy throughout the day with afternoon rain.,rain,"SCEL,85577099999,85574099999"
"-33.3537,-70.6811",2024-11-17,26,12.7,18,26,12.7,18,6.3,49.4,0,0,0,,0,0,18.7,27.7,188,1016,71.1,9.8,374.6,30.9,10,10,2024-11-17T06:30:40,2024-11-17T20:25:27,0.56,Partially cloudy,Partly cloudy throughout the day.,partly-cloudy-day,"SCEL,85577099999,85574099999"
"-33.3537,-70.6811",2024-11-18,27,12,18.9,26.3,12,18.8,5.2,42.6,0,0,0,,0,0,32.4,27.7,199,1014.4,8.2,10,380.4,31.2,10,10,2024-11-18T06:30:09,2024-11-18T20:26:24,0.59,Clear,Clear conditions throughout the day.,clear-day,SCEL
"-33.3537,-70.6811",2024-11-19,26,10,17.5,26,8.4,17.5,6.5,51.5,0,0,0,,0,0,31.3,27.7,184.9,1015.5,24.9,10,388.6,32.1,10,10,2024-11-19T06:29:40,2024-11-19T20:27:20,0.62,Partially cloudy,Partly cloudy throughout the day.,partly-cloudy-day,SCEL
"-33.3537,-70.6811",2024-11-20,25,13,18.2,25,13,18.2,8.1,53.9,0,0,0,,0,0,29.2,22.3,183.7,1016.4,52.9,10,342.7,28.5,10,10,2024-11-20T06:29:13,2024-11-20T20:28:16,0.65,Partially cloudy,Partly cloudy throughout the day.,partly-cloudy-day,SCEL
"-33.3537,-70.6811",2024-11-21,28.5,12,19.8,27.4,12,19.6,7.7,47.8,0,0,0,,0,0,36.7,31.7,203.9,1016.9,2.6,9.9,395.8,32.8,10,10,2024-11-21T06:28:47,2024-11-21T20:29:12,0.69,Clear,Clear conditions throughout the day.,clear-day,"SCEL,85577099999,85574099999"
"-33.3537,-70.6811",2024-11-22,28,11.6,19.4,26.9,11.6,19.3,6.8,46.8,0,0,0,,0,0,23,29.5,200.6,1017.4,0,10,397.1,32.8,10,10,2024-11-22T06:28:24,2024-11-22T20:30:08,0.75,Clear,Clear conditions throughout the day.,clear-day,"SCEL,85577099999,85574099999"
"-33.3537,-70.6811",2024-11-23,30,11.7,20.7,28.5,11.7,20.4,7.3,44.8,0,0,0,,0,0,38.5,31.7,204.6,1014.3,0.1,10,401,33.1,10,10,2024-11-23T06:28:02,2024-11-23T20:31:03,0.75,Clear,Clear conditions throughout the day.,clear-day,"SCEL,85577099999,85574099999"
"-33.3537,-70.6811",2024-11-24,29,12.8,20.8,27.7,12.8,20.6,7.7,44.7,0,0,0,,0,0,35.6,27.7,197.5,1016.1,1.7,9.9,381,31.5,10,10,2024-11-24T06:27:42,2024-11-24T20:31:58,0.78,Clear,Clear conditions throughout the day.,clear-day,"SCEL,85577099999,85574099999"
"-33.3537,-70.6811",2024-11-25,27,13,20.5,26.6,13,20.5,6.4,41.3,0,0,0,,0,0,36,31.7,201.5,1016.4,0,10,402.3,33.3,10,10,2024-11-25T06:27:23,2024-11-25T20:32:53,0.82,Clear,Clear conditions throughout the day.,clear-day,"SCEL,85577099999,85574099999"
"-33.3537,-70.6811",2024-11-26,27,11,19.1,26.4,11,19,6,44.4,0,0,0,,0,0,36,33.5,204.2,1016.2,0,10,410.5,34.2,10,10,2024-11-26T06:27:07,2024-11-26T20:33:47,0.85,Clear,Clear conditions throughout the day.,clear-day,"SCEL,85577099999,85574099999"
"-33.3537,-70.6811",2024-11-27,25,10.5,17.5,25,10.5,17.5,6,48.9,0,0,0,,0,0,35.3,27.7,187.2,1014.6,3.5,10,408.2,33.8,10,10,2024-11-27T06:26:52,2024-11-27T20:34:41,0.88,Clear,Clear conditions throughout the day.,clear-day,"SCEL,85577099999,85574099999"
"-33.3537,-70.6811",2024-11-28,26.1,9,17.9,26.1,9,17.8,5.1,45.9,0,0,0,,0,0,35.6,24.1,190.4,1015.4,0,10,408.9,33.9,10,10,2024-11-28T06:26:40,2024-11-28T20:35:35,0.91,Clear,Clear conditions throughout the day.,clear-day,"SCEL,85577099999,85574099999"
"-33.3537,-70.6811",2024-11-29,28.7,10.6,20.2,27.4,10.6,20,4.9,39.8,0,0,0,,0,0,34.9,29.5,208.4,1013.9,0,10,405.9,33.8,10,10,2024-11-29T06:26:29,2024-11-29T20:36:28,0.95,Clear,Clear conditions throughout the day.,clear-day,"SCEL,85577099999,85574099999"
"-33.3537,-70.6811",2024-11-30,26.4,11,18.9,26.4,11,18.9,2.9,36.6,0,0,0,,0,0,37.8,31.7,197.7,1013.6,0.8,9.9,418.2,34.8,10,10,2024-11-30T06:26:20,2024-11-30T20:37:20,0.98,Clear,Clear conditions throughout the day.,clear-day,"SCEL,85577099999,85574099999"
"-33.3537,-70.6811",2024-12-01,24,10,16.1,24,7.7,15.9,5.6,54.3,0,0,0,,0,0,34.9,27.7,194.5,1018.1,31.8,10,412.9,34.3,10,10,2024-12-01T06:26:13,2024-12-01T20:38:12,0,Partially cloudy,Clearing in the afternoon.,partly-cloudy-day,"SCEL,85577099999,85574099999"
"-33.3537,-70.6811",2024-12-02,26.4,11.4,18.9,26.4,11.4,18.9,5.5,44.1,0,0,0,,0,0,35.6,27.7,204.7,1014.1,0,10,405.3,33.6,10,10,2024-12-02T06:26:08,2024-12-02T20:39:03,0.05,Clear,Clear conditions throughout the day.,clear-day,"SCEL,85577099999,85574099999"
"-33.3537,-70.6811",2024-12-03,27,11,18.7,26.3,11,18.6,6,45.3,0,0,0,,0,0,33.1,27.7,195,1014.6,4.8,10,405.2,33.7,10,10,2024-12-03T06:26:04,2024-12-03T20:39:54,0.08,Clear,Clear conditions throughout the day.,clear-day,"SCEL,85577099999,85574099999"
"-33.3537,-70.6811",2024-12-04,25,10,17.1,25,8.4,17,8.3,59.2,0,0,0,,0,0,36,25.9,187.6,1015.8,7.7,9.4,405,33.8,10,10,2024-12-04T06:26:03,2024-12-04T20:40:43,0.12,Clear,Clear conditions throughout the day.,clear-day,"SCEL,85577099999,85574099999"
"-33.3537,-70.6811",2024-12-05,22,9,14.6,22,6.7,14.1,6.9,62.9,0.2,100,4.17,rain,0,0,39.6,25.9,187.9,1016.4,33.9,10,400.4,33.2,10,10,2024-12-05T06:26:03,2024-12-05T20:41:32,0.15,"Rain, Partially cloudy",Partly cloudy throughout the day with afternoon rain.,rain,"SCEL,85577099999,85574099999"
"-33.3537,-70.6811",2024-12-06,27,9.1,17.7,26.3,9.1,17.7,6.5,51.2,0,0,0,,0,0,31.3,25.9,189.8,1014.7,33.6,9.9,389.4,32.3,10,10,2024-12-06T06:26:06,2024-12-06T20:42:20,0.19,Partially cloudy,Partly cloudy throughout the day.,partly-cloudy-day,"SCEL,85577099999,85574099999"
"-33.3537,-70.6811",2024-12-07,27.1,11,19.1,26.4,11,19,5.4,43.6,0,0,0,,0,0,46.4,33.5,199.8,1013.3,24.9,9.8,409.6,34,10,10,2024-12-07T06:26:10,2024-12-07T20:43:07,0.23,Partially cloudy,Partly cloudy throughout the day.,partly-cloudy-day,"SCEL,85577099999,85574099999"
"-33.3537,-70.6811",2024-12-08,25,9.8,17.4,25,8.4,17.3,3,39.8,0,0,0,,0,0,36.4,27.7,185.7,1015.8,5.8,10,409.7,34.1,10,10,2024-12-08T06:26:16,2024-12-08T20:43:53,0.25,Clear,Clear conditions throughout the day.,clear-day,"SCEL,85577099999,85574099999"
"-33.3537,-70.6811",2024-12-09,30,9.7,19.8,28.2,9.6,19.4,5,42.5,0,0,0,,0,0,32.8,25.9,199.8,1014.3,0,10,421.9,34.9,10,10,2024-12-09T06:26:24,2024-12-09T20:44:38,0.3,Clear,Clear conditions throughout the day.,clear-day,"SCEL,85577099999,85574099999"
"-33.3537,-70.6811",2024-12-10,29.5,13.4,21.6,28,13.4,21.2,6.9,41.1,0,0,0,,0,0,38.5,35.3,195.3,1011.5,11.6,10,417.4,34.7,10,10,2024-12-10T06:26:34,2024-12-10T20:45:22,0.33,Clear,Clear conditions throughout the day.,clear-day,"SCEL,85577099999,85574099999"
"-33.3537,-70.6811",2024-12-11,30,12,21.5,28.4,12,21.1,6.6,41.8,0,0,0,,0,0,36.4,33.5,196.5,1012.1,5,9.9,417.1,34.6,10,10,2024-12-11T06:26:46,2024-12-11T20:46:05,0.37,Clear,Clear conditions throughout the day.,clear-day,"SCEL,85577099999,85574099999"
"-33.3537,-70.6811",2024-12-12,28,12,19.4,26.7,12,19.2,5.5,43.2,0,0,0,,0,0,37.8,33.5,190.1,1014.7,0.2,10,409.9,33.8,10,10,2024-12-12T06:26:59,2024-12-12T20:46:47,0.4,Clear,Clear conditions throughout the day.,clear-day,"SCEL,85577099999,85574099999"
"-33.3537,-70.6811",2024-12-13,30,12,21.6,28.3,12,21.2,7.1,42.9,0,0,0,,0,0,35.6,31.7,211.2,1013,0,9.8,415.2,34.5,10,10,2024-12-13T06:27:14,2024-12-13T20:47:27,0.44,Clear,Clear conditions throughout the day.,clear-day,"SCEL,85577099999,85574099999"
"-33.3537,-70.6811",2024-12-14,31,13.5,22.2,29.1,13.5,21.7,7.3,41.6,0,0,0,,0,0,39.2,33.5,196,1013,0,9.9,419.4,34.7,10,10,2024-12-14T06:27:32,2024-12-14T20:48:07,0.47,Clear,Clear conditions throughout the day.,clear-day,"SCEL,85577099999,85574099999"
"-33.3537,-70.6811",2024-12-15,28.1,13.2,20.5,27.3,13.2,20.3,8.8,49.7,0,0,0,,0,0,36.7,31.7,184.8,1013.6,29.9,9.9,399.1,32.8,10,10,2024-12-15T06:27:50,2024-12-15T20:48:45,0.5,Partially cloudy,Partly cloudy throughout the day.,partly-cloudy-day,"SCEL,85577099999,85574099999"
"-33.3537,-70.6811",2024-12-16,29.2,11.6,19.5,28.2,11.6,19.3,9.5,55.7,0,0,0,,0,0,39.2,27.7,182.6,1013.9,0.1,9.9,416,34.4,10,10,2024-12-16T06:28:11,2024-12-16T20:49:22,0.54,Clear,Clear conditions throughout the day.,clear-day,"SCEL,85577099999,85574099999"
"-33.3537,-70.6811",2024-12-17,26.5,11.8,18.8,26.5,11.8,18.8,9.7,58.1,0,0,0,,0,0,37.8,29.5,194,1014.4,38.9,9.9,375.4,30.9,10,10,2024-12-17T06:28:33,2024-12-17T20:49:57,0.57,Partially cloudy,Partly cloudy throughout the day.,partly-cloudy-day,"SCEL,85577099999,85574099999"
"-33.3537,-70.6811",2024-12-18,29,12,20.9,27.8,12,20.6,9,50.3,0,0,0,,0,0,39.2,25.9,193.7,1015.6,1.2,10,398,32.9,10,10,2024-12-18T06:28:57,2024-12-18T20:50:31,0.6,Clear,Clear conditions throughout the day.,clear-day,"SCEL,85577099999,85574099999"
"-33.3537,-70.6811",2024-12-19,33,13.9,23.8,30.6,13.9,23.1,6.8,38.4,0,0,0,,0,0,40,39.8,202.6,1013.9,0,9.8,423.8,34.9,10,10,2024-12-19T06:29:23,2024-12-19T20:51:03,0.64,Clear,Clear conditions throughout the day.,clear-day,"SCEL,85577099999,85574099999"
"-33.3537,-70.6811",2024-12-20,30,14,22.6,28.3,14,22.2,5.9,36,0,0,0,,0,0,38.9,31.7,196.4,1014.4,6.8,9.8,408,33.8,10,10,2024-12-20T06:29:51,2024-12-20T20:51:35,0.67,Clear,Clear conditions throughout the day.,clear-day,"SCEL,85577099999,85574099999"
"-33.3537,-70.6811",2024-12-21,32.1,14.5,24.1,30.3,14.5,23.5,8.7,40.4,0,0,0,,0,0,40,25.9,194.8,1014.5,5.7,9.9,417.4,34.6,10,10,2024-12-21T06:30:20,2024-12-21T20:52:04,0.7,Clear,Clear conditions throughout the day.,clear-day,"SCEL,85577099999,85574099999"
"-33.3537,-70.6811",2024-12-22,35,17.7,25.7,33.3,17.7,25.1,9.8,39.2,0,0,0,,0,0,40.7,31.7,187.1,1012.7,0,9.9,421.9,34.9,10,10,2024-12-22T06:30:50,2024-12-22T20:52:32,0.75,Clear,Clear conditions throughout the day.,clear-day,"SCEL,85577099999,85574099999"
"-33.3537,-70.6811",2024-12-23,31,16.4,24,29.4,16.4,23.6,9.8,42.5,0,0,0,,0,0,38.9,35.3,195.7,1015.3,0.2,9.9,405.6,33.6,10,10,2024-12-23T06:31:22,2024-12-23T20:52:59,0.77,Clear,Clear conditions throughout the day.,clear-day,"SCEL,85577099999,85574099999"
"-33.3537,-70.6811",2024-12-24,31,14.7,23.1,29.5,14.7,22.7,9.8,45.8,0,0,0,,0,0,37.1,29.5,190.5,1013.7,0.6,10,419.2,34.8,10,10,2024-12-24T06:31:56,2024-12-24T20:53:24,0.8,Clear,Clear conditions throughout the day.,clear-day,"SCEL,85577099999,85574099999"
"-33.3537,-70.6811",2024-12-25,30,15,21.9,29,15,21.7,11,51.9,0,0,0,,0,0,33.8,31.7,184.7,1011.6,23.2,10,371.5,30.6,10,10,2024-12-25T06:32:31,2024-12-25T20:53:47,0.83,Partially cloudy,Becoming cloudy in the afternoon.,partly-cloudy-day,"SCEL,85577099999,85574099999"
"-33.3537,-70.6811",2024-12-26,26.1,12,18.7,26.1,12,18.7,12,67.4,0,0,0,,0,0,48.2,22.3,171.3,1013.9,28.4,9.8,385.1,32,10,10,2024-12-26T06:33:08,2024-12-26T20:54:08,0.86,Partially cloudy,Clearing in the afternoon.,partly-cloudy-day,"SCEL,85577099999,85574099999"
"-33.3537,-70.6811",2024-12-27,29,13,20.4,28.4,13,20.4,11.9,61.1,0.3,100,4.17,rain,0,0,32,29.5,181.5,1015.8,5.9,9.9,383.4,31.6,10,10,2024-12-27T06:33:46,2024-12-27T20:54:28,0.89,Rain,Clear conditions throughout the day with afternoon rain.,rain,"SCEL,85577099999,85574099999"
"-33.3537,-70.6811",2024-12-28,29.6,14,21.1,28.9,14,21,11.9,58.2,0,0,0,,0,0,38.5,29.5,189.7,1016.7,3.1,10,387,32.1,10,10,2024-12-28T06:34:25,2024-12-28T20:54:46,0.93,Clear,Clear conditions throughout the day.,clear-day,"SCEL,85577099999,85574099999"
"-33.3537,-70.6811",2024-12-29,31.9,13.8,22.2,30.7,13.8,22,11.6,54.9,0,0,0,,0,0,36.7,35.3,189.4,1013.3,0.5,10.6,407.9,33.7,10,10,2024-12-29T06:35:06,2024-12-29T20:55:03,0.96,Clear,Clear conditions throughout the day.,clear-day,"SCEL,85577099999,remote,85574099999"
"-33.3537,-70.6811",2024-12-30,30,14,22.2,29,14,21.9,10.6,51.6,1.3,100,8.33,rain,0,0,36,109.3,186.3,1013.2,4.6,9.9,389.3,32.4,10,10,2024-12-30T06:35:47,2024-12-30T20:55:18,0,Rain,Clear conditions throughout the day with afternoon rain.,rain,"SCEL,85577099999,85574099999"
"-33.3537,-70.6811",2024-12-31,31,15,23.1,29.4,15,22.7,8.9,42.7,0,0,0,,0,0,32.8,29.5,195.2,1013.3,12.4,10,399.6,33.1,10,10,2024-12-31T06:36:31,2024-12-31T20:55:30,0.02,Clear,Clear conditions throughout the day.,clear-day,"SCEL,85577099999,85574099999"
"-33.3537,-70.6811",2025-01-01,30.1,15.6,23,28.8,15.6,22.6,9.3,43.5,0,0,0,,0,0,37.1,33.5,196,1014.2,3.1,10,392.2,32.5,10,10,2025-01-01T06:37:15,2025-01-01T20:55:42,0.06,Clear,Clear conditions throughout the day.,clear-day,"SCEL,85577099999,85574099999"
"-33.3537,-70.6811",2025-01-02,32,13,22.6,30,13,22.1,5.6,35.3,0,0,0,,0,0,36,31.7,191,1013.6,6.6,10,395.6,32.8,10,10,2025-01-02T06:38:01,2025-01-02T20:55:51,0.1,Clear,Clear conditions throughout the day.,clear-day,"SCEL,85577099999,85574099999"
"-33.3537,-70.6811",2025-01-03,32,14,22.9,30.2,14,22.5,8.8,42.8,0,0,0,,0,0,39.6,33.5,192.2,1013.5,0.2,9.9,408.6,33.7,10,10,2025-01-03T06:38:47,2025-01-03T20:55:58,0.13,Clear,Clear conditions throughout the day.,clear-day,"SCEL,85577099999,85574099999"
"-33.3537,-70.6811",2025-01-04,31,14,22.3,30.1,14,22.1,11.8,54.3,0.1,100,4.17,rain,0,0,37.1,25.9,187.7,1014.5,45.7,9.8,359.8,29.7,10,10,2025-01-04T06:39:35,2025-01-04T20:56:04,0.17,"Rain, Partially cloudy",Partly cloudy throughout the day with afternoon rain.,rain,"SCEL,85577099999,85574099999"
"-33.3537,-70.6811",2025-01-05,32.3,18.7,25.5,31.6,18.7,25.2,12.9,47.4,0,0,0,,0,0,32.4,25.9,194.5,1011.9,43.6,10,363,30.2,10,10,2025-01-05T06:40:23,2025-01-05T20:56:08,0.2,Partially cloudy,Partly cloudy throughout the day.,partly-cloudy-day,"SCEL,85577099999,85574099999"
"-33.3537,-70.6811",2025-01-06,30,17.9,23.8,29.4,17.9,23.7,12.8,51.3,0.5,100,4.17,rain,0,0,37.1,29.5,183.9,1012.5,3.3,10,408.6,33.8,10,10,2025-01-06T06:41:13,2025-01-06T20:56:10,0.25,Rain,Clear conditions throughout the day with afternoon rain.,rain,"SCEL,85577099999,85574099999"
"-33.3537,-70.6811",2025-01-07,26,14.7,19.5,26,14.7,19.5,13.3,69.2,0,0,0,,0,0,40,29.5,180.1,1015.1,50.6,9.8,390.9,32.3,10,10,2025-01-07T06:42:04,2025-01-07T20:56:10,0.27,Partially cloudy,Partly cloudy throughout the day.,partly-cloudy-day,"SCEL,85577099999,85574099999"
"-33.3537,-70.6811",2025-01-08,29.1,13.9,21.1,28.5,13.9,21,12.2,60,0.4,100,4.17,rain,0,0,35.6,33.5,189.4,1014.8,19.9,9.9,395.1,32.6,10,10,2025-01-08T06:42:55,2025-01-08T20:56:09,0.31,Rain,Clear conditions throughout the day with afternoon rain.,rain,"SCEL,85577099999,85574099999"
"-33.3537,-70.6811",2025-01-09,32,14.7,23.6,30.2,14.7,23.1,10.1,45.9,0,0,0,,0,0,38.2,29.5,199.9,1012.9,2.5,9.8,402.8,33.2,10,10,2025-01-09T06:43:47,2025-01-09T20:56:05,0.35,Clear,Clear conditions throughout the day.,clear-day,"SCEL,85577099999,85574099999"
"-33.3537,-70.6811",2025-01-10,33.1,16,24.4,31.4,16,23.9,9.9,43.3,0,0,0,,0,0,40,33.5,201.5,1012.5,1.5,9.9,408.8,33.8,10,10,2025-01-10T06:44:40,2025-01-10T20:56:00,0.38,Clear,Clear conditions throughout the day.,clear-day,"SCEL,85577099999,85574099999"
"-33.3537,-70.6811",2025-01-11,33.2,15,25,31,15,24.1,6,33.4,0,0,0,,0,0,34.6,33.5,188.8,1011.1,26.5,9.9,398.2,32.8,10,10,2025-01-11T06:45:34,2025-01-11T20:55:53,0.42,Partially cloudy,Partly cloudy throughout the day.,partly-cloudy-day,"SCEL,85577099999,85574099999"
"-33.3537,-70.6811",2025-01-12,29,15,22.6,28,15,22.4,9.4,44.4,0,0,0,,0,0,31,37.1,190,1012.4,56,10,333.3,27.7,10,10,2025-01-12T06:46:28,2025-01-12T20:55:44,0.45,Partially cloudy,Partly cloudy throughout the day.,partly-cloudy-day,"SCEL,85577099999,85574099999"
"-33.3537,-70.6811",2025-01-13,30,14.7,21.9,29.4,14.7,21.7,13.1,61.2,0.1,100,4.17,rain,0,0,34.9,31.7,192.3,1014.4,32.3,9.7,344.6,28.6,9,10,2025-01-13T06:47:23,2025-01-13T20:55:33,0.5,"Rain, Partially cloudy",Partly cloudy throughout the day with late afternoon rain.,rain,"SCEL,85577099999,85574099999"
"-33.3537,-70.6811",2025-01-14,31,15.9,23.3,30.1,15.9,23,9.8,47.2,0,0,0,,0,0,34.9,33.5,189.2,1014.4,15.9,10,367.9,30.5,10,10,2025-01-14T06:48:19,2025-01-14T20:55:20,0.52,Clear,Clear conditions throughout the day.,clear-day,"SCEL,85577099999,85574099999"
"-33.3537,-70.6811",2025-01-15,32,15,23.6,30.1,15,23.1,6.5,34.6,0,0,0,,0,0,38.5,29.5,198.4,1015.4,21.6,10,399.5,33,10,10,2025-01-15T06:49:15,2025-01-15T20:55:05,0.55,Partially cloudy,Partly cloudy throughout the day.,partly-cloudy-day,"SCEL,85577099999,85574099999"
"-33.3537,-70.6811",2025-01-16,33,17,24.9,31.2,17,24.4,10.7,45.3,0.3,100,8.33,rain,0,0,38.5,33.5,191,1015.6,17.2,10,404.5,33.3,10,10,2025-01-16T06:50:12,2025-01-16T20:54:49,0.59,Rain,Clear conditions throughout the day with afternoon rain.,rain,"SCEL,85577099999,85574099999"
"-33.3537,-70.6811",2025-01-17,31.3,14,23.2,29.5,14,22.7,6.4,36.4,0,0,0,,0,0,38.2,33.5,189.3,1016.4,1.3,10,395.9,32.8,10,10,2025-01-17T06:51:09,2025-01-17T20:54:31,0.62,Clear,Clear conditions throughout the day.,clear-day,"SCEL,85577099999,85574099999"
"-33.3537,-70.6811",2025-01-18,29,14,21.6,27.8,14,21.4,6.3,38.2,0.1,100,4.17,rain,0,0,37.1,31.7,189.3,1017.7,15.7,10,400.1,33.1,10,10,2025-01-18T06:52:06,2025-01-18T20:54:11,0.65,Rain,Clear conditions throughout the day with afternoon rain.,rain,"SCEL,85577099999,85574099999"
"-33.3537,-70.6811",2025-01-19,33.1,12.6,23.1,31,12.6,22.5,4.3,31.5,0,0,0,,0,0,39.6,37.1,199.9,1015.9,0,10,417.2,34.4,10,10,2025-01-19T06:53:04,2025-01-19T20:53:49,0.68,Clear,Clear conditions throughout the day.,clear-day,"SCEL,85577099999,85574099999"
"-33.3537,-70.6811",2025-01-20,31.1,15,22.9,29.3,15,22.5,7.4,38.8,0,0,0,,0,0,40.7,40.7,191,1012.4,0,9.7,407.6,33.6,10,10,2025-01-20T06:54:02,2025-01-20T20:53:26,0.71,Clear,Clear conditions throughout the day.,clear-day,"SCEL,85577099999,85574099999"
"-33.3537,-70.6811",2025-01-21,30,12,20.8,28.4,12,20.5,9.9,53.6,0,0,0,,0,0,40.7,33.5,195.3,1013.7,8.9,9.9,393.8,32.6,10,10,2025-01-21T06:55:00,2025-01-21T20:53:01,0.75,Clear,Clear conditions throughout the day.,clear-day,"SCEL,85577099999,85574099999"
"-33.3537,-70.6811",2025-01-22,29,14,20.5,28.5,14,20.4,12.3,62.7,0,0,0,,0,0,34.2,24.1,181.8,1015.1,1.1,9.8,357.9,29.7,10,10,2025-01-22T06:55:59,2025-01-22T20:52:34,0.78,Clear,Clear conditions throughout the day.,clear-day,"SCEL,85577099999,85574099999"
"-33.3537,-70.6811",2025-01-23,31,12,21.6,29.5,12,21.2,9.7,51.2,0,0,0,,0,0,37.8,27.7,192.7,1015.7,0.2,9.9,385.8,32.1,10,10,2025-01-23T06:56:57,2025-01-23T20:52:05,0.81,Clear,Clear conditions throughout the day.,clear-day,"SCEL,85577099999,85574099999"
"-33.3537,-70.6811",2025-01-24,33,15.5,24.4,31.2,15.5,23.7,9.5,42.7,0,0,0,,0,0,40.3,27.7,197.7,1015,0,10,398.5,33.1,10,10,2025-01-24T06:57:56,2025-01-24T20:51:34,0.84,Clear,Clear conditions throughout the day.,clear-day,"SCEL,85577099999,85574099999"
"-33.3537,-70.6811",2025-01-25,33,17.6,25,31.2,17.6,24.4,8.4,36.7,0,0,0,,0,0,38.2,27.7,205.2,1011.9,0,10,398.7,33,10,10,2025-01-25T06:58:55,2025-01-25T20:51:02,0.87,Clear,Clear conditions throughout the day.,clear-day,"SCEL,85577099999,85574099999"
"-33.3537,-70.6811",2025-01-26,31.1,16,23.5,29.5,16,23,7.1,36.4,0,0,0,,0,0,40,33.5,201.6,1012.6,0,9.9,393.8,32.7,10,10,2025-01-26T06:59:54,2025-01-26T20:50:29,0.91,Clear,Clear conditions throughout the day.,clear-day,"SCEL,85577099999,85574099999"
"-33.3537,-70.6811",2025-01-27,32,14,23.5,30,14,22.9,8.8,43,0,0,0,,0,0,40.3,33.5,200.2,1012.1,0.1,9.9,397,33,10,10,2025-01-27T07:00:54,2025-01-27T20:49:53,0.94,Clear,Clear conditions throughout the day.,clear-day,"SCEL,85577099999,85574099999"
"-33.3537,-70.6811",2025-01-28,33,15,24.6,31.5,15,24,8.9,39.8,0,0,0,,0,0,39.6,29.5,192.7,1010.8,0,9.9,399.5,33.1,10,10,2025-01-28T07:01:53,2025-01-28T20:49:16,0.97,Clear,Clear conditions throughout the day.,clear-day,"SCEL,85577099999,85574099999"
"-33.3537,-70.6811",2025-01-29,31.6,15.6,23.4,29.7,15.6,22.9,6.3,34.4,0,0,0,,0,0,38.2,33.5,207.8,1012.2,0,10,396,32.8,10,10,2025-01-29T07:02:52,2025-01-29T20:48:38,0,Clear,Clear conditions throughout the day.,clear-day,"SCEL,85577099999,85574099999"
"-33.3537,-70.6811",2025-01-30,30.8,14,22.1,29.6,14,21.8,10.8,51.6,0,0,0,,0,0,39.6,33.5,188.4,1013.2,0.2,9.7,398,33,10,10,2025-01-30T07:03:51,2025-01-30T20:47:58,0.04,Clear,Clear conditions throughout the day.,clear-day,"SCEL,85577099999,85574099999"
"-33.3537,-70.6811",2025-01-31,32,14,23.1,30.1,14,22.6,9.1,45,0,0,0,,0,0,40.7,29.5,202,1011.9,3.4,9.9,394.1,32.7,10,10,2025-01-31T07:04:50,2025-01-31T20:47:16,0.07,Clear,Clear conditions throughout the day.,clear-day,"SCEL,85577099999,85574099999"
"-33.3537,-70.6811",2025-02-01,32,15.5,23.5,30.2,15.5,23.1,9.2,43,0,0,0,,0,0,39.6,31.7,199.6,1010.1,2.4,10.5,390.5,32.4,10,10,2025-02-01T07:05:49,2025-02-01T20:46:33,0.11,Clear,Clear conditions throughout the day.,clear-day,"SCEL,85577099999,remote,85574099999"
"-33.3537,-70.6811",2025-02-02,31,15,22.9,29.5,15,22.5,8.8,44.8,0,0,0,,0,0,39.2,31.7,198.9,1011.7,14,10,381.9,31.7,10,10,2025-02-02T07:06:47,2025-02-02T20:45:48,0.15,Clear,Clear conditions throughout the day.,clear-day,"SCEL,85577099999,85574099999"
"-33.3537,-70.6811",2025-02-03,32,15,23.7,29.8,15,23.1,6.7,36.3,0,0,0,,0,0,36.7,25.9,207.5,1011.6,33.8,10,382.6,31.6,10,10,2025-02-03T07:07:46,2025-02-03T20:45:02,0.18,Partially cloudy,Partly cloudy throughout the day.,partly-cloudy-day,"SCEL,85577099999,85574099999"
"-33.3537,-70.6811",2025-02-04,32,16,24.3,30,16,23.7,6.3,34.2,0,0,0,,0,0,40,35.3,208.8,1011.7,31.7,9.9,379.9,31.5,10,10,2025-02-04T07:08:44,2025-02-04T20:44:14,0.22,Partially cloudy,Partly cloudy throughout the day.,partly-cloudy-day,"SCEL,85577099999,85574099999"
"-33.3537,-70.6811",2025-02-05,32.3,14,24.2,30.1,14,23.6,6.1,33.7,0,0,0,,0,0,39.6,25.9,202.9,1012.6,0.7,9.7,386.2,32,10,10,2025-02-05T07:09:42,2025-02-05T20:43:26,0.25,Clear,Clear conditions throughout the day.,clear-day,"SCEL,85577099999,85574099999"
"-33.3537,-70.6811",2025-02-06,34,15.7,24.8,31.9,15.7,24.2,8,37.2,0,0,0,,0,0,41.8,37.1,192.4,1009.7,0,9.8,388.7,32.5,10,10,2025-02-06T07:10:40,2025-02-06T20:42:35,0.29,Clear,Clear conditions throughout the day.,clear-day,"SCEL,85577099999,85574099999"
"-33.3537,-70.6811",2025-02-07,32,15.5,23.9,30.4,15.5,23.4,9.1,41,0,0,0,,0,0,38.5,33.5,196.3,1012.2,0,9.9,383.7,31.7,10,10,2025-02-07T07:11:38,2025-02-07T20:41:44,0.32,Clear,Clear conditions throughout the day.,clear-day,"SCEL,85577099999,85574099999"
"-33.3537,-70.6811",2025-02-08,36,16,25.5,34.1,16,24.8,10.6,43.5,0,0,0,,0,0,42.1,24.1,188,1011.6,7,9.5,380.2,31.4,10,10,2025-02-08T07:12:35,2025-02-08T20:40:51,0.36,Clear,Clear conditions throughout the day.,clear-day,"SCEL,85577099999,85574099999"
"-33.3537,-70.6811",2025-02-09,32,17,24.9,30.8,17,24.5,11.4,44.7,0,0,0,,0,0,36.4,31.7,196.7,1009.6,0.5,9.6,371.7,30.9,10,10,2025-02-09T07:13:32,2025-02-09T20:39:56,0.39,Clear,Clear conditions throughout the day.,clear-day,"SCEL,85577099999,85574099999"
"-33.3537,-70.6811",2025-02-10,29.1,17,22.6,28.7,17,22.5,13.5,58,0,0,0,,0,0,41.4,37.1,192.5,1013.6,21.8,9.7,366.2,30.3,10,10,2025-02-10T07:14:29,2025-02-10T20:39:01,0.43,Partially cloudy,Partly cloudy throughout the day.,partly-cloudy-day,"SCEL,85577099999,85574099999"
"-33.3537,-70.6811",2025-02-11,30,15,22.7,29,15,22.4,10.9,51.6,0,0,0,,0,0,38.5,31.7,199.5,1012.3,17.8,9.6,365.2,30.2,10,10,2025-02-11T07:15:25,2025-02-11T20:38:04,0.47,Clear,Clear conditions throughout the day.,clear-day,"SCEL,85577099999,85574099999"
"-33.3537,-70.6811",2025-02-12,30,14,22.7,28.3,14,22.2,3,28.6,0,0,0,,0,0,36,25.9,197.7,1012.8,0.5,10,369,30.4,10,10,2025-02-12T07:16:22,2025-02-12T20:37:06,0.5,Clear,Clear conditions throughout the day.,clear-day,"SCEL,85577099999,85574099999"
"-33.3537,-70.6811",2025-02-13,31,14,23.1,29.2,14,22.6,4.6,31.9,0,0,0,,0,0,36.7,31.7,200,1014.2,0.3,9.8,369.4,30.6,10,10,2025-02-13T07:17:17,2025-02-13T20:36:07,0.53,Clear,Clear conditions throughout the day.,clear-day,"SCEL,85577099999,85574099999"
"-33.3537,-70.6811",2025-02-14,29.2,15,21.8,27.7,15,21.5,6,37.6,0,0,0,,0,0,34.6,27.7,192.1,1015.1,11.8,9.7,365.1,30.2,10,10,2025-02-14T07:18:13,2025-02-14T20:35:07,0.57,Clear,Clear conditions throughout the day.,clear-day,"SCEL,85577099999,85574099999"
"-33.3537,-70.6811",2025-02-15,26.5,12,19,26.5,12,19,5.2,41.8,0,0,0,,0,0,50,27.7,185.9,1014.1,6.8,10,370.1,30.7,10,10,2025-02-15T07:19:08,2025-02-15T20:34:05,0.6,Clear,Clear conditions throughout the day.,clear-day,"SCEL,85577099999,85574099999"
"-33.3537,-70.6811",2025-02-16,30,10,19.7,28.2,10,19.4,5.9,45.3,0,0,0,,0,0,36,27.7,194.3,1014,0,9.9,364.5,30.1,10,10,2025-02-16T07:20:03,2025-02-16T20:33:03,0.63,Clear,Clear conditions throughout the day.,clear-day,"SCEL,85577099999,85574099999"
"-33.3537,-70.6811",2025-02-17,31,12,22,29,12,21.5,6.7,42.3,0,0,0,,0,0,38.9,27.7,190.3,1014.7,0,9.8,363.8,30.1,10,10,2025-02-17T07:20:57,2025-02-17T20:31:59,0.66,Clear,Clear conditions throughout the day.,clear-day,"SCEL,85577099999,85574099999"
"-33.3537,-70.6811",2025-02-18,31.9,13,22,29.7,13,21.6,5.4,36.3,0,0,0,,0,0,35.6,33.5,186.3,1011.5,0,9.9,363.5,30,10,10,2025-02-18T07:21:51,2025-02-18T20:30:55,0.7,Clear,Clear conditions throughout the day.,clear-day,"SCEL,85577099999,85574099999"
"-33.3537,-70.6811",2025-02-19,27,13,19.5,26.7,13,19.4,10.6,58.8,0,0,0,,0,0,34.2,22.3,174,1013,0.6,9.5,338.8,27.8,10,10,2025-02-19T07:22:45,2025-02-19T20:29:49,0.73,Clear,Clear conditions throughout the day.,clear-day,"SCEL,85577099999,85574099999"
"-33.3537,-70.6811",2025-02-20,31,13,20.6,29.6,13,20.4,11.1,58.7,0,0,0,,0,0,36.4,24.1,184.2,1014,0.7,10,347.6,28.8,10,10,2025-02-20T07:23:38,2025-02-20T20:28:43,0.75,Clear,Clear conditions throughout the day.,clear-day,"SCEL,85577099999,85574099999"
"-33.3537,-70.6811",2025-02-21,33,13,22.7,31.7,13,22.2,10.6,51.4,0,0,0,,0,0,36.7,27.7,193.2,1014.7,24.8,9.9,352.8,29.1,10,10,2025-02-21T07:24:31,2025-02-21T20:27:36,0.79,Partially cloudy,Becoming cloudy in the afternoon.,partly-cloudy-day,"SCEL,85577099999,85574099999"
"-33.3537,-70.6811",2025-02-22,33,16,24.7,31.4,16,24.1,9.8,42.2,0,0,0,,0,0,39.6,27.7,195.3,1014.1,46.8,10,345.5,28.7,10,10,2025-02-22T07:25:23,2025-02-22T20:26:27,0.83,Partially cloudy,Partly cloudy throughout the day.,partly-cloudy-day,"SCEL,85577099999,85574099999"
"-33.3537,-70.6811",2025-02-23,33,16,24.8,30.9,16,24.2,8,37.5,0,0,0,,0,0,38.5,29.5,197,1013.5,8.9,10,352,29.3,10,10,2025-02-23T07:26:15,2025-02-23T20:25:18,0.86,Clear,Clear conditions throughout the day.,clear-day,"SCEL,85577099999,85574099999"
"-33.3537,-70.6811",2025-02-24,33.1,16,24.7,31,16,24.1,9.5,41.7,0,0,0,,0,0,37.4,27.6,197.6,1012.8,0.1,10,350.2,29,10,10,2025-02-24T07:27:07,2025-02-24T20:24:08,0.89,Clear,Clear conditions throughout the day.,clear-day,"SCEL,85577099999,85574099999"
"-33.3537,-70.6811",2025-02-25,32,16,24.4,30.3,16,23.8,8.8,40.6,0,0,0,,0,0,38.9,35.3,204.7,1012.5,0,9.9,344,28.5,10,10,2025-02-25T07:27:58,2025-02-25T20:22:58,0.92,Clear,Clear conditions throughout the day.,clear-day,"SCEL,85577099999,85574099999"
"-33.3537,-70.6811",2025-02-26,33.1,14.9,23.9,30.8,14.9,23.3,5.8,33.4,0,0,0,,0,0,38.2,32.9,204.3,1011.5,0,9.8,344.3,28.7,10,10,2025-02-26T07:28:49,2025-02-26T20:21:46,0.95,Clear,Clear conditions throughout the day.,clear-day,"SCEL,85577099999,85574099999"
"-33.3537,-70.6811",2025-02-27,30.2,13.5,21.8,28.6,13.5,21.5,7.2,40.9,0,0,0,,0,0,32.8,36.9,192.1,1012.2,0,9.8,337,27.7,10,10,2025-02-27T07:29:40,2025-02-27T20:20:34,0,Clear,Clear conditions throughout the day.,clear-day,"SCEL,85577099999,85574099999"
"-33.3537,-70.6811",2025-02-28,27.7,15,20.6,27.2,15,20.5,10.2,53.3,0,0,0,,0,0,34.2,43.6,191.9,1013.4,33,9.9,317.9,26.2,10,10,2025-02-28T07:30:30,2025-02-28T20:19:21,0.02,Partially cloudy,Clearing in the afternoon.,partly-cloudy-day,"SCEL,85577099999,85574099999"
"-33.3537,-70.6811",2025-03-01,28,13.7,20.5,27.6,13.7,20.4,13,65.6,0,0,0,,0,0,37.1,32.8,197.8,1013.5,7.1,9.7,313.3,25.7,10,10,2025-03-01T07:31:20,2025-03-01T20:18:08,0.06,Clear,Clear conditions throughout the day.,clear-day,"SCEL,85577099999,85574099999"
"-33.3537,-70.6811",2025-03-02,25,13,18.9,25,13,18.9,12.2,67.7,0,0,0,,0,0,36.4,34.6,188.5,1015.4,9,9.1,322.7,26.7,10,10,2025-03-02T07:32:10,2025-03-02T20:16:54,0.09,Clear,Clear conditions throughout the day.,clear-day,"SCEL,85577099999,85574099999"
"-33.3537,-70.6811",2025-03-03,28.8,12.4,20.1,27.8,12.4,20,10.2,56.6,0,0,0,,0,0,36,29.8,193.7,1015.4,0,9.8,329.8,27.3,10,10,2025-03-03T07:32:59,2025-03-03T20:15:39,0.13,Clear,Clear conditions throughout the day.,clear-day,"SCEL,85577099999,85574099999"
"-33.3537,-70.6811",2025-03-04,30.4,12.8,21.5,28.8,12.8,21.2,9.7,50.5,0,0,0,,0,0,36.4,32.2,199.1,1012.6,0,9.9,329.4,27.4,10,10,2025-03-04T07:33:48,2025-03-04T20:14:24,0.16,Clear,Clear conditions throughout the day.,clear-day,"SCEL,85577099999,85574099999"
"-33.3537,-70.6811",2025-03-05,29.9,12.7,21.6,28.7,12.7,21.3,9.3,47.9,0,0,0,,0,0,35.6,34.4,200.3,1010.2,0,9.9,326.4,26.9,10,10,2025-03-05T07:34:36,2025-03-05T20:13:08,0.2,Clear,Clear conditions throughout the day.,clear-day,"SCEL,85577099999,85574099999"
"-33.3537,-70.6811",2025-03-06,26.7,13.5,19.7,26.7,13.5,19.7,11.1,58.7,0,0,0,,0,0,32.8,31.8,185.7,1014.6,9.4,9.9,313,25.8,10,10,2025-03-06T07:35:24,2025-03-06T20:11:52,0.25,Clear,Clear conditions throughout the day.,clear-day,"SCEL,85577099999,85574099999"
"-33.3537,-70.6811",2025-03-07,26.8,13.3,19.8,26.5,13.3,19.8,12.1,64,0,0,0,,0,0,35.3,34.1,210.3,1019.2,25.1,9.8,295.8,24.5,9,10,2025-03-07T07:36:12,2025-03-07T20:10:35,0.27,Partially cloudy,Clearing in the afternoon.,partly-cloudy-day,"SCEL,85577099999,85574099999"
"-33.3537,-70.6811",2025-03-08,30.6,13.4,21.8,29.2,13.4,21.5,10.5,53.3,0,0,0,,0,0,35.6,26.6,204.9,1016.6,0,9.7,328.5,27.2,10,10,2025-03-08T07:37:00,2025-03-08T20:09:18,0.3,Clear,Clear conditions throughout the day.,clear-day,"SCEL,85577099999,85574099999"
"-33.3537,-70.6811",2025-03-09,31.9,13,22.2,29.8,13,21.7,7.1,41.5,0,0,0,,0,0,33.1,41.8,191.3,1013.3,0,9.8,323.5,26.7,10,10,2025-03-09T07:37:47,2025-03-09T20:08:00,0.34,Clear,Clear conditions throughout the day.,clear-day,"SCEL,85577099999,85574099999"
"-33.3537,-70.6811",2025-03-10,29.6,12.9,21.3,28,12.9,21,7.8,44.6,0,0,0,,0,0,39.2,39.1,202.1,1014.9,0,10,315.8,26,10,10,2025-03-10T07:38:34,2025-03-10T20:06:42,0.37,Clear,Clear conditions throughout the day.,clear-day,"SCEL,85577099999,85574099999"
"-33.3537,-70.6811",2025-03-11,31.4,13.7,22.2,29.5,13.7,21.8,8.7,46.1,0,0,0,,0,0,34.2,44.9,209.3,1013.9,0,9.7,316.1,26,10,10,2025-03-11T07:39:21,2025-03-11T20:05:24,0.41,Clear,Clear conditions throughout the day.,clear-day,"SCEL,85577099999,85574099999"
"-33.3537,-70.6811",2025-03-12,32.8,14,22.9,31,14,22.4,8.9,44.2,0,0,0,,0,0,36.4,43.6,194.6,1014,0,9.8,315.2,26.1,10,10,2025-03-12T07:40:07,2025-03-12T20:04:05,0.44,Clear,Clear conditions throughout the day.,clear-day,"SCEL,85577099999,85574099999"
"-33.3537,-70.6811",2025-03-13,31.4,13.2,21.6,29.6,13.2,21.3,8.8,46.4,0,0,0,,0,0,34.6,55.2,186.4,1012.6,0.1,9.7,309.7,25.7,10,10,2025-03-13T07:40:53,2025-03-13T20:02:46,0.48,Clear,Clear conditions throughout the day.,wind,"SCEL,85577099999,85574099999"
"-33.3537,-70.6811",2025-03-14,24.5,12,17.5,24.5,12,17.5,11.7,71.2,0,0,0,,0,0,33.8,45.8,176,1013.6,36.8,8.7,290.2,23.9,9,10,2025-03-14T07:41:39,2025-03-14T20:01:27,0.5,Partially cloudy,Partly cloudy throughout the day.,partly-cloudy-day,"SCEL,85577099999,85574099999"
"-33.3537,-70.6811",2025-03-15,23.5,12.9,17.1,23.5,12.9,17.1,12,73.7,0,0,0,,0,0,37.8,39.2,179.6,1017.3,39.9,8.9,285.8,23.6,9,10,2025-03-15T07:42:25,2025-03-15T20:00:08,0.54,Partially cloudy,Partly cloudy throughout the day.,partly-cloudy-day,"SCEL,85577099999,85574099999"
"-33.3537,-70.6811",2025-03-16,29.2,10.1,19.5,27.9,10.1,19.3,10.3,61,0.1,100,4.17,rain,0,0,32,43.3,191,1017.5,4.2,9.6,297.8,24.6,10,10,2025-03-16T07:43:11,2025-03-16T19:58:48,0.58,Rain,Clear conditions throughout the day with afternoon rain.,rain,"SCEL,85577099999,85574099999"
"-33.3537,-70.6811",2025-03-17,31.8,12.2,21.8,29.8,12.2,21.3,8.9,49.5,0,0,0,,0,0,37.1,46.1,204.3,1016.7,0,9.7,301.9,24.9,9,10,2025-03-17T07:43:56,2025-03-17T19:57:28,0.61,Clear,Clear conditions throughout the day.,clear-day,"SCEL,85577099999,85574099999"
"-33.3537,-70.6811",2025-03-18,34.7,12.6,22.7,32.1,12.6,22.1,6,38.8,0,0,0,,0,0,32.8,41.8,186.6,1013.1,0,9.7,306.7,25.4,10,10,2025-03-18T07:44:41,2025-03-18T19:56:08,0.64,Clear,Clear conditions throughout the day.,clear-day,"SCEL,85577099999,85574099999"
"-33.3537,-70.6811",2025-03-19,25.4,13.4,19,25.4,13.4,19,8.9,53.2,0,0,0,,0,0,32.4,44.6,188.7,1013.8,0,9.9,294.6,24.4,9,10,2025-03-19T07:45:26,2025-03-19T19:54:48,0.68,Clear,Clear conditions throughout the day.,clear-day,"SCEL,85577099999,85574099999"
"-33.3537,-70.6811",2025-03-20,27.2,11.3,18.7,27,11.3,18.7,11.4,66.1,0,0,0,,0,0,31.3,42.6,191.3,1014.5,0.1,9.5,293.6,24.4,9,10,2025-03-20T07:46:11,2025-03-20T19:53:28,0.71,Clear,Clear conditions throughout the day.,clear-day,"SCEL,85577099999,85574099999"
"-33.3537,-70.6811",2025-03-21,29.3,12.3,20.7,28.2,12.3,20.5,10.7,56.7,0,0,0,,0,0,30.6,42.9,211.5,1014.3,2,9.7,288.3,23.9,9,10,2025-03-21T07:46:55,2025-03-21T19:52:08,0.74,Clear,Clear conditions throughout the day.,clear-day,"SCEL,85577099999,85574099999"
"-33.3537,-70.6811",2025-03-22,29.1,13.7,21.4,28.1,13.7,21.2,11.2,55.5,0.7,100,4.17,rain,0,0,32,49.4,202.4,1012.7,2,9.9,279.9,23.1,9,10,2025-03-22T07:47:40,2025-03-22T19:50:48,0.75,Rain,Clear conditions throughout the day with afternoon rain.,rain,"SCEL,85577099999,85574099999"
"-33.3537,-70.6811",2025-03-23,26.5,12.5,18.8,26.5,12.5,18.8,9.4,56.1,0,0,0,,0,0,38.5,49,187.2,1011.9,17.8,9.9,273.9,22.7,9,10,2025-03-23T07:48:24,2025-03-23T19:49:27,0.81,Clear,Clear conditions throughout the day.,wind,"SCEL,85577099999,85574099999"
"-33.3537,-70.6811",2025-03-24,24.7,8.9,16.7,24.7,7.3,16.5,5.6,53.3,0,0,0,,0,0,38.9,40.2,197.7,1012.4,11.6,9.5,286.1,23.8,9,10,2025-03-24T07:49:08,2025-03-24T19:48:07,0.84,Clear,Clear conditions throughout the day.,clear-day,"SCEL,85577099999,85574099999"
"-33.3537,-70.6811",2025-03-25,22.1,11,15.6,22.1,11,15.6,7.9,61.6,0.4,100,8.33,rain,0,0,27.4,43.1,183.6,1013,38.7,9.9,232.5,19.5,8,10,2025-03-25T07:49:52,2025-03-25T19:46:47,0.87,"Rain, Partially cloudy",Clearing in the afternoon with rain.,rain,"SCEL,85577099999,85574099999"
"-33.3537,-70.6811",2025-03-26,27.3,8.4,17.1,26.6,6.8,16.8,7.2,59.3,0,0,0,,0,0,26.6,40,204.9,1015.3,35.3,8.9,267,21.9,9,10,2025-03-26T07:50:36,2025-03-26T19:45:27,0.91,Partially cloudy,Partly cloudy throughout the day.,partly-cloudy-day,"SCEL,85577099999,85574099999"
"-33.3537,-70.6811",2025-03-27,23.1,13.2,17,23.1,13.2,17,8.2,57.4,0.1,100,4.17,rain,0,0,30.6,40,177.1,1016,51.1,10,230.8,19.1,8,10,2025-03-27T07:51:20,2025-03-27T19:44:07,0.94,"Rain, Partially cloudy",Partly cloudy throughout the day with afternoon rain.,rain,"SCEL,85577099999,85574099999"
"-33.3537,-70.6811",2025-03-28,23.1,8.5,16.5,23.1,8.1,16.5,9,64.6,0,0,0,,0,0,28.1,31.2,179,1015.8,52.3,8.9,215.9,17.9,8,10,2025-03-28T07:52:04,2025-03-28T19:42:47,0.97,Partially cloudy,Partly cloudy throughout the day.,partly-cloudy-day,"SCEL,85577099999,85574099999"
"-33.3537,-70.6811",2025-03-29,27.1,11.2,18,26.7,11.2,18,9.7,61.2,0,0,0,,0,0,33.5,47.9,194.1,1013.9,28,8.9,263.9,22,9,10,2025-03-29T07:52:48,2025-03-29T19:41:28,0,Partially cloudy,Clearing in the afternoon.,partly-cloudy-day,"SCEL,85577099999,85574099999"
"-33.3537,-70.6811",2025-03-30,15.4,10.5,12.9,15.4,10.5,12.9,9.9,82.3,9.7,100,45.83,rain,0,0,25.2,33.7,189.4,1020.4,64.5,9.5,77.6,6.5,3,10,2025-03-30T07:53:31,2025-03-30T19:40:08,0.04,"Rain, Partially cloudy",Partly cloudy throughout the day with rain in the morning and afternoon.,rain,"SCEL,85577099999,85574099999"
"-33.3537,-70.6811",2025-03-31,22.8,7.1,13.7,22.8,5.9,13.5,6,65.7,0,0,0,,0,0,31.7,25.6,212.9,1019.2,26.8,9.2,273.8,22.7,9,10,2025-03-31T07:54:15,2025-03-31T19:38:49,0.07,Partially cloudy,Partly cloudy throughout the day.,partly-cloudy-day,"SCEL,85577099999,85574099999"
"-33.3537,-70.6811",2025-04-01,23.9,7.5,14.8,23.9,6.8,14.8,4.8,56.4,0,0,0,,0,0,25.2,33.1,197.1,1017.2,39.1,9.2,227.6,18.8,8,10,2025-04-01T07:54:58,2025-04-01T19:37:30,0.11,Partially cloudy,Partly cloudy throughout the day.,partly-cloudy-day,"SCEL,85577099999,85574099999"
"-33.3537,-70.6811",2025-04-02,26.2,7.5,16,26.2,6.5,15.9,4.1,52.3,0,0,0,,0,0,27.4,39.2,195.1,1018,19.6,9.3,249.7,20.7,8,10,2025-04-02T07:55:42,2025-04-02T19:36:12,0.14,Clear,Clear conditions throughout the day.,clear-day,"SCEL,85577099999,85574099999"
"-33.3537,-70.6811",2025-04-03,28.8,7.3,17.7,27.2,7.3,17.3,2.9,44,0,0,0,,0,0,26.6,33.8,198.2,1015.6,14.7,9.5,259.4,21.4,8,10,2025-04-03T07:56:25,2025-04-03T19:34:53,0.18,Clear,Clear conditions throughout the day.,clear-day,"SCEL,85577099999,85574099999"
"-33.3537,-70.6811",2025-04-04,28.9,9.2,18.8,27.5,8.4,18.5,5.3,45.4,0,0,0,,0,0,25.9,40.5,182.3,1014.1,0.1,9.7,257.9,21.4,8,10,2025-04-04T07:57:09,2025-04-04T19:33:36,0.25,Clear,Clear conditions throughout the day.,clear-day,"SCEL,85577099999,85574099999"
"-33.3537,-70.6811",2025-04-05,18.1,9.9,13,18.1,8.1,12.8,10.2,84.1,0,0,0,,0,0,27.7,30,176.5,1015.8,68.3,6.2,215.3,18.7,8,10,2025-04-05T07:57:52,2025-04-05T19:32:18,0.25,Partially cloudy,Partly cloudy throughout the day.,partly-cloudy-day,"SCEL,85577099999,85574099999"
"-33.3537,-70.6811",2025-04-06,22.4,12.3,15.6,22.4,12.3,15.6,9.4,68.7,0,0,0,,0,0,25.9,34.5,190.3,1018.5,56.9,9.3,216.8,17.9,8,10,2025-04-06T06:58:36,2025-04-06T18:31:01,0.28,Partially cloudy,Partly cloudy throughout the day.,partly-cloudy-day,"SCEL,85577099999,85574099999"
"-33.3537,-70.6811",2025-04-07,28.4,8.2,17.7,27.1,6.8,17.4,7.3,57.2,0,0,0,,0,0,24.8,33,185.8,1014.6,2.5,9,256.1,21.1,8,10,2025-04-07T06:59:19,2025-04-07T18:29:44,0.32,Clear,Clear conditions throughout the day.,clear-day,"SCEL,85577099999,85574099999"
"-33.3537,-70.6811",2025-04-08,27.5,9.6,17.5,26.6,9.6,17.4,8.1,58.1,0,0,0,,0,0,27.4,37.7,181.1,1013,0.4,8.9,250.7,20.7,8,10,2025-04-08T07:00:03,2025-04-08T18:28:28,0.35,Clear,Clear conditions throughout the day.,clear-day,"SCEL,85577099999,85574099999"
"-33.3537,-70.6811",2025-04-09,22.3,10.9,14.2,22.3,10.9,14.2,10.7,82,0,0,0,,0,0,26.3,34.1,184,1015.5,80.5,5.2,241.6,19.9,8,10,2025-04-09T07:00:46,2025-04-09T18:27:12,0.38,Partially cloudy,Partly cloudy throughout the day.,partly-cloudy-day,"SCEL,85577099999,85574099999"
"-33.3537,-70.6811",2025-04-10,19.6,12.3,15,19.6,12.3,15,9.9,72.9,0,0,0,,0,0,28.1,34.9,193.9,1019.1,92,8.1,195.1,16.2,7,10,2025-04-10T07:01:30,2025-04-10T18:25:57,0.42,Overcast,Cloudy skies throughout the day.,cloudy,"SCEL,85577099999,85574099999"
"-33.3537,-70.6811",2025-04-11,16.9,10.6,13.7,16.9,10.6,13.7,9.4,75.7,0.1,100,4.17,rain,0,0,27.7,34.1,181.8,1019.3,83.2,10,206.8,17.2,7,10,2025-04-11T07:02:14,2025-04-11T18:24:42,0.45,"Rain, Partially cloudy",Partly cloudy throughout the day with morning rain.,rain,"SCEL,85577099999,85574099999"
"-33.3537,-70.6811",2025-04-12,24.8,5.7,14.7,24.8,5.7,14.7,5.3,59,0,0,0,,0,0,23.4,31.1,196,1018.4,0.1,9.1,239.3,19.8,8,10,2025-04-12T07:02:57,2025-04-12T18:23:28,0.5,Clear,Clear conditions throughout the day.,clear-day,"SCEL,85577099999,85574099999"
"-33.3537,-70.6811",2025-04-13,25.1,7.5,16.2,25.1,6.9,16.1,3.9,47.3,0,0,0,,0,0,24.1,23.9,176.7,1015.1,23.7,8.8,231.2,19,8,10,2025-04-13T07:03:41,2025-04-13T18:22:14,0.52,Partially cloudy,Partly cloudy throughout the day.,partly-cloudy-day,"SCEL,85577099999,85574099999"
"-33.3537,-70.6811",2025-04-14,23,8,14.8,23,6.4,14.5,5.5,56.5,0,0,0,,0,0,26.3,41.8,189.3,1018.8,25.3,10,220,18.3,7,10,2025-04-14T07:04:25,2025-04-14T18:21:01,0.56,Partially cloudy,Partly cloudy throughout the day.,partly-cloudy-day,"SCEL,85577099999,85574099999"
"-33.3537,-70.6811",2025-04-15,25,7,15.7,25,5.2,15.6,6.5,59.1,0,0,0,,0,0,23.4,29.6,171.8,1017,14.9,9.2,231.7,19.2,8,10,2025-04-15T07:05:08,2025-04-15T18:19:49,0.59,Clear,Clear conditions throughout the day.,clear-day,"SCEL,85577099999,85574099999"
"-33.3537,-70.6811",2025-04-16,24.1,8,16.1,24.1,2.5,15.6,6.2,57,0,0,0,,0,0,25.6,55.4,184.8,1016,22,9.3,226.7,18.8,8,10,2025-04-16T07:05:52,2025-04-16T18:18:37,0.62,Partially cloudy,Partly cloudy throughout the day.,wind,"SCEL,85577099999,85574099999"
"-33.3537,-70.6811",2025-04-17,22,10.8,15.8,22,10.8,15.8,5.1,50.5,0,0,0,,0,0,23.4,31.6,173.7,1015.2,63.7,9.9,165.8,13.8,6,10,2025-04-17T07:06:36,2025-04-17T18:17:26,0.66,Partially cloudy,Partly cloudy throughout the day.,partly-cloudy-day,"SCEL,85577099999,85574099999"
"-33.3537,-70.6811",2025-04-18,27,7.1,16.6,26.1,6.2,16.3,4.3,51.5,0,0,0,,0,0,13,24.6,177.3,1014.7,1.3,9,222.5,18.5,8,10,2025-04-18T07:07:20,2025-04-18T18:16:16,0.69,Clear,Clear conditions throughout the day.,clear-day,"SCEL,85577099999,85574099999"
"-33.3537,-70.6811",2025-04-19,26.1,7.5,16.2,26.1,7.2,16.1,4.3,49.3,0,0,0,,0,0,14,37.2,178.8,1014.2,57.5,9.8,187.7,15.5,7,10,2025-04-19T07:08:04,2025-04-19T18:15:06,0.72,Partially cloudy,Partly cloudy throughout the day.,partly-cloudy-day,"SCEL,85577099999,85574099999"
"-33.3537,-70.6811",2025-04-20,25.2,6.8,15.4,25.2,6.1,15.2,6.2,58.5,0,0,0,,0,0,14,27.7,160.3,1015.2,1.1,9.4,215.8,17.9,7,10,2025-04-20T07:08:48,2025-04-20T18:13:58,0.75,Clear,Clear conditions throughout the day.,clear-day,"SCEL,85577099999,85574099999"
"-33.3537,-70.6811",2025-04-21,24.3,7.3,16.1,24.3,5.5,15.9,6.1,55.6,0,0,0,,0,0,13,24.1,172,1015.9,65.7,9.6,185.7,15.4,7,10,2025-04-21T07:09:32,2025-04-21T18:12:50,0.79,Partially cloudy,Partly cloudy throughout the day.,partly-cloudy-day,"SCEL,85577099999,85574099999"
"-33.3537,-70.6811",2025-04-22,26,7,17.1,26,5.5,16.9,4.8,48.9,0,0,0,,0,0,12.2,22.3,184.4,1016.2,83.5,10.2,192,15.9,7,10,2025-04-22T07:10:17,2025-04-22T18:11:43,0.83,Partially cloudy,Partly cloudy throughout the day.,partly-cloudy-day,"SCEL,remote"
"-33.3537,-70.6811",2025-04-23,19,14,16.4,19,14,16.4,9.9,65.9,0,3.2,0,,0,0,11.5,20.5,170.7,1015.6,82.4,11.4,87.8,7.4,4,10,2025-04-23T07:11:01,2025-04-23T18:10:36,0.86,Partially cloudy,Partly cloudy throughout the day.,partly-cloudy-day,"SCEL,remote"
"-33.3537,-70.6811",2025-04-24,22.2,12.1,16.5,22.2,12.1,16.5,9.7,66.8,0,3.2,0,,0,0,14.8,13.3,197.8,1015,23.3,23.6,193.3,16,7,10,2025-04-24T07:11:45,2025-04-24T18:09:31,0.89,Partially cloudy,Partly cloudy throughout the day.,partly-cloudy-day,
"-33.3537,-70.6811",2025-04-25,20.9,12.4,15.7,20.9,12.4,15.7,6.7,57.8,0.2,38.7,8.33,rain,0,0,14.8,21.6,199,1016.2,58.6,24.1,188.7,15.6,7,10,2025-04-25T07:12:30,2025-04-25T18:08:27,0.93,Partially cloudy,Partly cloudy throughout the day.,partly-cloudy-day,
"-33.3537,-70.6811",2025-04-26,21.2,10.1,15.4,21.2,10.1,15.4,7.7,63.5,0,3.2,0,,0,0,11.5,15.5,195.4,1016.3,9.5,24.1,199.2,16.4,7,10,2025-04-26T07:13:14,2025-04-26T18:07:23,0.96,Clear,Clear conditions throughout the day.,clear-day,
"-33.3537,-70.6811",2025-04-27,24.6,11.9,17.7,24.6,11.9,17.7,3.7,43.4,0,0,0,,0,0,10.1,11.9,190.2,1014.8,0.1,24.1,202.6,16.9,7,10,2025-04-27T07:13:58,2025-04-27T18:06:21,0,Clear,Clear conditions throughout the day.,clear-day,
"-33.3537,-70.6811",2025-04-28,25.3,13.1,18.8,25.3,13.1,18.8,2.8,36.7,0,0,0,,0,0,10.4,11.9,187.3,1014.6,0,24.1,227.6,18.9,7,10,2025-04-28T07:14:43,2025-04-28T18:05:19,0.03,Clear,Clear conditions throughout the day.,clear-day,
"-33.3537,-70.6811",2025-04-29,24.8,13.8,18.4,24.8,13.8,18.4,4.1,40.8,0,0,0,,0,0,12.6,15.8,187.8,1013.6,8.7,24.1,195.4,16.2,7,10,2025-04-29T07:15:27,2025-04-29T18:04:19,0.06,Clear,Clear conditions throughout the day.,clear-day,
"-33.3537,-70.6811",2025-04-30,21.4,13.7,16.5,21.4,13.7,16.5,7.3,55.9,0,3.2,0,,0,0,12.2,14,190.8,1014.4,74.3,24.1,161.7,13.5,6,10,2025-04-30T07:16:12,2025-04-30T18:03:19,0.1,Partially cloudy,Partly cloudy throughout the day.,partly-cloudy-day,
"-33.3537,-70.6811",2025-05-01,23.4,12.2,16.9,23.4,12.2,16.9,6.6,53.4,0,0,0,,0,0,13.3,15.1,192.9,1013.1,26.1,24.1,188.6,15.6,7,10,2025-05-01T07:16:56,2025-05-01T18:02:21,0.13,Partially cloudy,Partly cloudy throughout the day.,partly-cloudy-day,
"-33.3537,-70.6811",2025-05-02,16.9,11.3,13.6,16.9,11.3,13.6,8.6,72.4,0.1,0,4.17,rain,0,0,9.4,14,201.7,1015.6,83.4,24.1,154.6,12.9,5,10,2025-05-02T07:17:41,2025-05-02T18:01:24,0.16,Partially cloudy,Partly cloudy throughout the day.,partly-cloudy-day,
"-33.3537,-70.6811",2025-05-03,24.1,9.7,16.2,24.1,9.7,16.2,4.9,52.3,0,3.2,0,,0,0,8.6,9.7,198.7,1015.7,0,24.1,189,15.6,7,10,2025-05-03T07:18:25,2025-05-03T18:00:27,0.2,Clear,Clear conditions throughout the day.,clear-day,
"-33.3537,-70.6811",2025-05-04,20.4,10.9,15,20.4,10.9,15,6.2,57.5,0,3.2,0,,0,0,13,15.5,198.6,1016.7,1.1,24.1,182.9,15,6,10,2025-05-04T07:19:10,2025-05-04T17:59:32,0.25,Clear,Clear conditions throughout the day.,clear-day,
"-33.3537,-70.6811",2025-05-05,18.3,10.1,13.5,18.3,10.1,13.5,4.4,55.5,0,3.2,0,,0,0,18.7,19.8,201.6,1018.7,3.8,24.1,180.5,14.9,6,10,2025-05-05T07:19:54,2025-05-05T17:58:39,0.26,Clear,Clear conditions throughout the day.,clear-day,
"-33.3537,-70.6811",2025-05-06,19,8.7,13.2,19,8.7,13.2,0.6,47,0,9.7,0,,0,0,11.9,13,191.1,1017.9,12.2,24.1,186,15.6,7,10,2025-05-06T07:20:39,2025-05-06T17:57:46,0.3,Clear,Clear conditions throughout the day.,clear-day,
"-33.3537,-70.6811",2025-05-07,22.3,8.7,14.9,22.3,8.7,14.9,-7.3,22.8,0,6.5,0,,0,0,13.7,12.2,192.6,1014.5,0.4,24.1,189.1,15.6,7,10,2025-05-07T07:21:23,2025-05-07T17:56:54,0.33,Clear,Clear conditions throughout the day.,clear-day,
"-33.3537,-70.6811",2025-05-08,21.1,5.7,12.6,0,0,26.3,6.6,71.9,0.6,0,0,,,,,17.6,172.6,1016.9,32.3,6.6,,,,,2025-05-08T07:22:07,2025-05-08T17:56:04,0.36,Partially cloudy,,partly-cloudy-day,
